"","precio_gasoleo_a","rotulo","direccion","localidad","provincia"
"1",1.519,"BALLENOIL","CALLE VERSALLES, 17","MADRID","MADRID"
"2",1.529,"BEROIL","CALLE SIMON HERNANDEZ (DE), 73","MOSTOLES","MADRID"
"3",1.529,"PLENOIL","AVENIDA CONSTITUCIÓN, 1","TORREJON DE ARDOZ","MADRID"
"4",1.529,"BALLENOIL","CALLE CHARCA DE LOS PECES, 2","TORREJON DE ARDOZ","MADRID"
"5",1.529,"BALLENOIL","CALLE CIRCUNVALACIÓN, 64","TORREJON DE ARDOZ","MADRID"
"6",1.529,"BALLENOIL","CALLE OLMO, 1","TORREJON DE ARDOZ","MADRID"
"7",1.537,"PLENOIL","CALLE TORRES QUEVEDO, 2","MOSTOLES","MADRID"
"8",1.537,"E.S. TERUGAS","CALLE SIMON HERNANDEZ, 75","MOSTOLES","MADRID"
"9",1.539,"BALLENOIL","CALLE DEL TRIGO, 5","LEGANES","MADRID"
"10",1.539,"PLENOIL","CALLE REY PASTOR, 3","LEGANES","MADRID"
"11",1.539,"PLENOIL","CALLE ALUMINIO, 8","LEGANES","MADRID"
"12",1.539,"PETROPRIX","CALLE RICARDO TORMO, 6","LEGANES","MADRID"
"13",1.539,"BALLENOIL","CALLE REY PASTOR, 16","LEGANES","MADRID"
"14",1.539,"BALLENOIL","CALLE ANGEL NIETO, 2","BUTARQUE","MADRID"
"15",1.539,"PETROL MÓSTOLES","CALLE TORRES QUEVEDO, 6","MOSTOLES","MADRID"
"16",1.539,"PETROPRIX","AVENIDA DE LA CONSTITUCION, 287","TORREJON DE ARDOZ","MADRID"
"17",1.539,"GASEXPRESS","AVENIDA SOL, 50","TORREJON DE ARDOZ","MADRID"
"18",1.539,"PLENOIL","AVENIDA DE LA CONSTITUCION, 249","TORREJON DE ARDOZ","MADRID"
"19",1.539,"BALLENOIL","AVENIDA INDUSTRIA, 44","TRES CANTOS","MADRID"
"20",1.539,"PLENOIL","AVENIDA INDUSTRIA (DE LA), 52","TRES CANTOS","MADRID"
"21",1.544,"TIPSA","CALLE MAR EGEO, 1","SAN FERNANDO DE HENARES","MADRID"
"22",1.545,"E.LECLERC","AVENIDA PREMIOS NOBEL, 1","TORREJON DE ARDOZ","MADRID"
"23",1.545,"LAVAPLUS","CARRETERA DE LA BASE KM. S/N","BASE AEREA","MADRID"
"24",1.547,"BALLENOIL","CL CRTA. DE TORRELODONES, 10","GALAPAGAR","MADRID"
"25",1.547,"PLENOIL","CALLE COLMENAREJO, 54","GALAPAGAR","MADRID"
"26",1.547,"BALLENOIL","CALLE CARRETERA DE EL ESCORIAL, 94","GALAPAGAR","MADRID"
"27",1.547,"PETROPRIX","CALLE BARBERO DE SEVILLA EL, 2","MAJADAHONDA","MADRID"
"28",1.549,"TEB","CALLE ALMANZOR, 11","FUENLABRADA","MADRID"
"29",1.549,"BALLENOIL","CALLE FRAGUA, 16","MOSTOLES","MADRID"
"30",1.549,"BALLENOIL","CALLE ALFONSO XII, 20","MOSTOLES","MADRID"
"31",1.549,"FAST FUEL","CALLE MARIO VARGAS LLOSA, 4","TORREJON DE ARDOZ","MADRID"
"32",1.549,"STORE FUEL","CALLE SOLANA, 56","TORREJON DE ARDOZ","MADRID"
"33",1.549,"BALLENOIL","AVENIDA AVENIDA DE LAS MORCILLERAS, 1","VALDEMORO","MADRID"
"34",1.553,"CDT","CALLE ERATOSTENES, 15","GETAFE","MADRID"
"35",1.554,"BALLENOIL","CALLE TOLEDO CV VIA DE RONDA, SN","PARLA","MADRID"
"36",1.555,"BALLENOIL","CALLE ANETO, 1","FUENLABRADA","MADRID"
"37",1.557,"PLENOIL","CALLE LUIS SAUQUILLO, 131","FUENLABRADA","MADRID"
"38",1.557,"PLENOIL","CALLE ENEBRO, 17","FUENLABRADA","MADRID"
"39",1.557,"PLENOIL","CALLE LUIS SAUQUILLO, 86","FUENLABRADA","MADRID"
"40",1.557,"BALLENOIL","AVENIDA FUENLABRADA, 6","HUMANES DE MADRID","MADRID"
"41",1.558,"LAS PALMERAS","RONDA COMUNIDADES (DE LAS), 107","VALDEMORO","MADRID"
"42",1.559,"PLENOIL","CALLE AZUELA, 62","COLLADO VILLALBA","MADRID"
"43",1.559,"PLENOIL","CALLE ESTACION, 40","ESCORIAL (EL)","MADRID"
"44",1.559,"CARBURANTES REQUES","CALLE JUSTINA VELASCO MARTIN, 1","GALAPAGAR","MADRID"
"45",1.559,"PLENOIL","AVENIDA LOS ROSALES, 15","MADRID","MADRID"
"46",1.559,"BALLENOIL","AVENIDA OROVILLA, 22","MADRID","MADRID"
"47",1.559,"BALLENOIL","CALLE REUS, 13","MADRID","MADRID"
"48",1.559,"PETROPRIX","CALLE SECOYA, 12","MADRID","MADRID"
"49",1.559,"ION +","CALLE MUGUET, 12","MADRID","MADRID"
"50",1.564,"PLENOIL","CALLE TOLEDO, 40","PARLA","MADRID"
"51",1.567,"BALLENOIL","CALLE CONSTITUCION, 81","FUENLABRADA","MADRID"
"52",1.567,"PETROPRIX","CALLE CONSTITUCION (DE LA), 100","FUENLABRADA","MADRID"
"53",1.567,"PETROPRIX","AVENIDA DE LA CANTUEÑA, 8","FUENLABRADA","MADRID"
"54",1.567,"PETROPRIX","AVENIDA RONDA (DE), S/N","PARLA","MADRID"
"55",1.569,"GASEXPRESS","CARRETERA DAGANZO KM. 3","ALCALA DE HENARES","MADRID"
"56",1.569,"BALLENOIL","CALLE VARSOVIA, 2","ALCALA DE HENARES","MADRID"
"57",1.569,"BALLENOIL","CARRETERA DAGANZO KM. 5","ALCALA DE HENARES","MADRID"
"58",1.569,"LAVAPLUS","AVENIDA DE EUROPA, 15","ALCORCON","MADRID"
"59",1.569,"BALLENOIL","CALLE AZUELA, 73","COLLADO VILLALBA","MADRID"
"60",1.569,"BALLENOIL","CALLE ESCOFINA, 3","COLLADO VILLALBA","MADRID"
"61",1.569,"BALLENOIL","CALLE TOMILLO DEL, 4","COLMENAR VIEJO","MADRID"
"62",1.569,"PETROPRIX","AVENIDA DE LOS REYES, 2","COLMENAR VIEJO","MADRID"
"63",1.569,"BALLENOIL","CALLE VIZCAYA, 24","FORTUNA","MADRID"
"64",1.569,"PETROPRIX","CALLE VIZCAYA, 17","LEGANES","MADRID"
"65",1.569,"PLENOIL","CALLE SAN DALMACIO, 13","MADRID","MADRID"
"66",1.569,"BALLENOIL","CALLE RESINA, 4","MADRID","MADRID"
"67",1.569,"BALLENOIL","CALLE ARROYO DE LA BULERA, S/N","MADRID","MADRID"
"68",1.569,"BALLENOIL","CALLE LA ACEBEDA, 1","MADRID","MADRID"
"69",1.569,"PLENOIL","AVENIDA REAL DE PINTO, 73","MADRID","MADRID"
"70",1.569,"BALLENOIL","CALLE VALLE DE TOBALINA, 24","MADRID","MADRID"
"71",1.569,"E.LECLERC","CALLE CALDERILLA, 1","MADRID","MADRID"
"72",1.569,"LOW COST REPOST","CALLE HILARIO HERRANZ ESTABLOS, 20","MADRID","MADRID"
"73",1.569,"MAXPETROL","CALLE CAMINO DE BASTOS, 6","NAVALCARNERO","MADRID"
"74",1.569,"BALLENOIL","CALLE FUNDICION, 19","RIVAS-VACIAMADRID","MADRID"
"75",1.569,"BALLENOIL","CALLE CINCEL (DEL), S","RIVAS-VACIAMADRID","MADRID"
"76",1.569,"PETROPRIX","CALLE CINCEL (DEL), 2","RIVAS-VACIAMADRID","MADRID"
"77",1.569,"PLENOIL","CALLE CARRETILLA LA, 36","RIVAS-VACIAMADRID","MADRID"
"78",1.569,"GASOLINERA VALDEMORO","AVENIDA MADRID (DE), 6","VALDEMORO","MADRID"
"79",1.577,"BALLENOIL","CARRETERA CARABANCHEL A VILLAVERDE KM. 89","MADRID","MADRID"
"80",1.579,"PETROPRIX","CALLE ISAAC NEWTON, 155","ALCALA DE HENARES","MADRID"
"81",1.579,"SUPECO","POLIGONO LA GARENA, AV. EUROPA, S/N, S/N","ALCALA DE HENARES","MADRID"
"82",1.579,"ALCAMPO","AVENIDA EUROPA, S/N","ALCORCON","MADRID"
"83",1.579,"E.LECLERC","CALLE DE LAS MORERAS, 62","ARANJUEZ","MADRID"
"84",1.579,"E.LECLERC","PASEO DELEITE (DEL), 13","ARANJUEZ","MADRID"
"85",1.579,"PLENOIL","CALLE CALLE POLÍGONO 5, 20","COLLADO VILLALBA","MADRID"
"86",1.579,"PETROPRIX","AVENIDA JUAN CARLOS I, 24","COLLADO VILLALBA","MADRID"
"87",1.579,"ALCAMPO FUENLABRADA","CC. LORANCA ALCAMPO FUENLABRADA (AV. PABLO IGLESIAS, S/N, CIUDAD LORANCA)","FUENLABRADA","MADRID"
"88",1.579,"GC","CARRETERA M527 KM. 2,8","GUADARRAMA","MADRID"
"89",1.579,"SHELL","AVENIDA FUENLABRADA, 110","HUMANES DE MADRID","MADRID"
"90",1.579,"POWER3OIL","AVENIDA DEMOCRACIA, 15","MADRID","MADRID"
"91",1.579,"GHC","CARRETERA N-III KM. 11,8","MADRID","MADRID"
"92",1.579,"SUPECO","CALLE EDUARDO BARREIROS, 114","MADRID","MADRID"
"93",1.579,"BALLENOIL","AVENIDA DE ALCOTANES, 5","PINTO","MADRID"
"94",1.579,"BALLENOIL","AVENIDA PABLO IGLESIAS (DE), 78","RIVAS-VACIAMADRID","MADRID"
"95",1.579,"PETROKAL","CALLE SOLANA DE LA, 17","TORREJON DE ARDOZ","MADRID"
"96",1.579,"GASOLINERA VILLAREJO DE SALVANÉS","AVENIDA JUAN CARLOS I REY DE ESPAÑA, 3","VILLAREJO DE SALVANES","MADRID"
"97",1.579,"RECESPAÑA","CL FRAY JOSE DE SAN JACINTO 10","VILLAREJO DE SALVANES","MADRID"
"98",1.58,"GASOLEOS TORRES LOW COST 24H.","CALLE MADRID, 46","TORRES DE LA ALAMEDA","MADRID"
"99",1.584,"SHELL","POLIGONO CASABLANCA C/JACINTO BENAVENTE, 6","TORREJON DE ARDOZ","MADRID"
"100",1.585,"PLENOIL","AVENIDA MADRID, 2","ALAMO (EL)","MADRID"
"101",1.585,"G.P.S. OIL","AVENIDA CERRO DEL RUBAL, 1","PARLA","MADRID"
"102",1.585,"SERVIFACIL","AVENIDA CERRO DEL RUBAL, 12","PARLA","MADRID"
"103",1.585,"BARATOIL","AVENIDA CERRO DEL RUBAL, 7","PARLA","MADRID"
"104",1.586,"E.S. EL ALAMO, S.L.","CTRA. LOCAL M-404 km 3,640","ALAMO (EL)","MADRID"
"105",1.587,"BALLENOIL","CAMINO POZO DEL TIO RAIMUNDO, 6","MADRID","MADRID"
"106",1.587,"PLENOIL","CARRETERA VILLAVERDE A VALLECAS KM. 267","MADRID","MADRID"
"107",1.587,"BALLENOIL","CAMINO HORMIGUERAS, 153","MADRID","MADRID"
"108",1.587,"PLENOIL","CALLE CAMINO DE LAS HORMIGUERAS, 177","MADRID","MADRID"
"109",1.587,"SIMON GRUP","CARRETERA VILLAVERDE A VALLECAS KM. 283","MADRID","MADRID"
"110",1.588,"OIL A42 A-42 KM 9,8  DIR. MADRID","AVENIDA PRINCESA JUANA DE AUSTRIA, 91","MADRID","MADRID"
"111",1.589,"PLENOIL","AVENIDA SAN MARTIN DE VALDEIGLESIAS, 9","ALCORCON","MADRID"
"112",1.589,"PETROPRIX","CALLE PARAGUAY ESQUINA AVENIDA DE AMERICA, SN","ALCORCON","MADRID"
"113",1.589,"PLENOIL","CALLE PUERTA DE ABAJO, 20","ALPEDRETE","MADRID"
"114",1.589,"PETROPRIX","CALLE PUERTA DE ABAJO, 57","ALPEDRETE","MADRID"
"115",1.589,"BALLENOIL","CAMINO SAN MARTIN DE LA VEGA, 8","ARGANDA","MADRID"
"116",1.589,"PLENOIL","AVENIDA MADRID (DE), 66","ARGANDA","MADRID"
"117",1.589,"PETROPRIX","AVENIDA MADRID (DE), SN","ARGANDA","MADRID"
"118",1.589,"DELFIOIL","AVENIDA FINANZAUTO (DE), 2","ARGANDA","MADRID"
"119",1.589,"BALLENOIL","CAMINO CAMINO DE SAN MARTÍN DE LA VEGA A ARGANDA, 2","ARGANDA","MADRID"
"120",1.589,"BALLENOIL","TRAVESÍA SIERRA DE GATA, 17","ARGANDA","MADRID"
"121",1.589,"BALLENOIL","AVENIDA VALDEARGANDA, 15","ARGANDA","MADRID"
"122",1.589,"GASEXPRESS GETAFE","AVENIDA RIO GUADALQUIVIR, 20","GETAFE","MADRID"
"123",1.589,"GALP","AVENIDA DE LOS POBLADOS, SN","MADRID","MADRID"
"124",1.589,"MORAFUEL","CALLE ROBLE, 6","MORALEJA DE ENMEDIO","MADRID"
"125",1.589,"OLANCA","AVENIDA DE LAS NIEVES, 5","NIEVES (LAS)","MADRID"
"126",1.589,"BALLENOIL","CARRETERA M-233 KM. 6,800","VILLALBILLA","MADRID"
"127",1.597,"BALLENOIL","CALLE LAGUNA, 88","ALCORCON","MADRID"
"128",1.597,"PLENOIL","CALLE POLVORANCA, 65","ALCORCON","MADRID"
"129",1.597,"PLENOIL","CALLE DEL PARAISO, S/N","CIEMPOZUELOS","MADRID"
"130",1.597,"BALLENOIL","CALLE G, 2","MADRID","MADRID"
"131",1.597,"BALLENOIL","CALLE REAL, 125","PARLA","MADRID"
"132",1.598,"ATENOIL","CARRETERA PINTO-PARLA KM. 1","PARLA","MADRID"
"133",1.598,"E. LECLERC","AVENIDA ANDALUCIA (DE), 118","VALDEMORO","MADRID"
"134",1.598,"E-LECLERC","CALLE NARCISO MONTURIOL, 30","VALMOR-ROMPECUBAS","MADRID"
"135",1.599,"PLENOIL","AVENIDA DE MADRID, 60","ALCALA DE HENARES","MADRID"
"136",1.599,"SOLNER","CALLE TELECOMUNICACIONES, 2","ALCORCON","MADRID"
"137",1.599,"BALLENOIL","CALLE PELAYA (DE LA), 1","ALGETE","MADRID"
"138",1.599,"ATENOIL","AVENIDA DE MADRID, 126","ARGANDA","MADRID"
"139",1.599,"BALLENOIL","CALLE FRESADORES (DE), 7","ARROYOMOLINOS","MADRID"
"140",1.599,"ALCAMPO","CALLE C.C. ALCAMPO, C/. TEJERA, 2","COLMENAR VIEJO","MADRID"
"141",1.599,"PLENOIL","AVENIDA SAN PABLO, 29","COSLADA","MADRID"
"142",1.599,"BALLENOIL","AVENIDA JARAMA (DEL), 17","COSLADA","MADRID"
"143",1.599,"GASOLOWCOST","CALLE ARGANZA, 5","FUENLABRADA","MADRID"
"144",1.599,"PETROJARAMA","CALLE TORRELAGUNA, 57","FUENTE EL SAZ DE JARAMA","MADRID"
"145",1.599,"GALP","AVDA ARCAS DE AGUA SN","GETAFE","MADRID"
"146",1.599,"PETROPRIX","CALLE HERREROS, 1","GETAFE","MADRID"
"147",1.599,"BALLENOIL","CALLE FUNDIDORES, 24","GETAFE","MADRID"
"148",1.599,"BALLENOIL","CALLE FRANKLIN, 1","GETAFE","MADRID"
"149",1.599,"SUPECO","CALLE BRUNO ABUNDEZ, 56","MADRID","MADRID"
"150",1.599,"BALLENOIL","CALLE CERRO DEL MURMULLO, 1","MADRID","MADRID"
"151",1.599,"GALP&GO","CALLE LA ACEBEDA, 57","MADRID","MADRID"
"152",1.599,"BALLENOIL","GLORIETA PUERTA DE LOS CARROS, 5","MADRID","MADRID"
"153",1.599,"OIL SANCHEZ ROMERO","CALLE BARBERO DE SEVILLA EL, 1","MAJADAHONDA","MADRID"
"154",1.599,"PETROPRIX","CALLE PORTUGAL, 30","MEJORADA DEL CAMPO","MADRID"
"155",1.599,"BALLENOIL","CALLE MINA DEL COTORRO (DE LA), S/N","NAVALCARNERO","MADRID"
"156",1.599,"PETROPRIX","AVENIDA FUENTE NUEVA, 18","SAN SEBASTIAN DE LOS REYES","MADRID"
"157",1.599,"BALLENOIL","PASEO EUROPA, 22","SAN SEBASTIAN DE LOS REYES","MADRID"
"158",1.599,"BALLENOIL","AVENIDA PIRINEOS (DE LOS), 21","SAN SEBASTIAN DE LOS REYES","MADRID"
"159",1.599,"BALLENOIL","AVENIDA MATAPIÑONERA, 20","SAN SEBASTIAN DE LOS REYES","MADRID"
"160",1.599,"BALLENOIL","AVENIDA TENERIFE, 10","SAN SEBASTIAN DE LOS REYES","MADRID"
"161",1.599,"SUPER GASOIL","AVENIDA ANDALUCIA DE, 519","VALDEMORO","MADRID"
"162",1.599,"LCH LOW COST","AVENIDA MADRID (DE), 7","VALDEMORO","MADRID"
"163",1.599,"FAST FUEL","CALLE SEVERO OCHOA, 48","VILLALBILLA","MADRID"
"164",1.609,"ENERGY","CALLE PERU, 31","ALCALA DE HENARES","MADRID"
"165",1.609,"MERODIO","CALLE CERRO SAN PEDRO, 4","COLMENAR VIEJO","MADRID"
"166",1.609,"GALP","CALLE CAÑADA DEL POZO, SN","CABALLO (EL)","MADRID"
"167",1.609,"LOW COST REPOST","AVENIDA REAL DE PINTO, 156","MADRID","MADRID"
"168",1.609,"EDV","CARRETERA M -611 KM. 7,6   GENERAL SANJURJO KM. 7,6","MIRAFLORES DE LA SIERRA","MADRID"
"169",1.609,"ALCAMPO","CARRETERA LOECHES-AJALVIR, KM. 12,500","TORREJON DE ARDOZ","MADRID"
"170",1.609,"BALLENOIL","AVENIDA SIERRA DE GUADARRAMA, 10","VILLANUEVA DE LA CAÑADA","MADRID"
"171",1.617,"BALLENOIL","CALLE FRANCISCA TORRES CATALAN, 24","MADRID","MADRID"
"172",1.617,"BALLENOIL","CARRETERA VICALVARO A ESTACION DE O`DONNELL KM. 22","MADRID","MADRID"
"173",1.617,"PLENOIL","CARRETERA VICALVARO ESTACION ODONNELL KM. 20","MADRID","MADRID"
"174",1.617,"PLENOIL","CALLE PIROTECNIA, 2","MADRID","MADRID"
"175",1.619,"ALCAMPO","C.C. LA DEHESA, AUTOVIA MADRID-BARCELONA km 34,0","ALCALA DE HENARES","MADRID"
"176",1.619,"SHELL","VÍA COMPLUTENSE, 105","ALCALA DE HENARES","MADRID"
"177",1.619,"PETROPRIX","AVENIDA MARQUES DE LA VALDAVIA, 132","ALCOBENDAS","MADRID"
"178",1.619,"BALLENOIL","CALLE VALGRANDE, 30","ALCOBENDAS","MADRID"
"179",1.619,"PETROPRIX","CALLE VALGRANDE, 11","ALCOBENDAS","MADRID"
"180",1.619,"COMBUS","CARRETERA FUENCARRAL KM. 100","ALCOBENDAS","MADRID"
"181",1.619,"ALCAMPO","CALLE DEL CEDRO, 5","CIEMPOZUELOS","MADRID"
"182",1.619,"ALCAMPO","CALLE ISAAC PERAL, 12","LEGANES","MADRID"
"183",1.619,"BEROIL LAS ROSAS","CALLE SOFIA, 36","MADRID","MADRID"
"184",1.619,"CHEAPOIL","CALLE ZACARIAS (DE), 20","NAVALCARNERO","MADRID"
"185",1.619,"GREEN GAS","CALLE BRUSELAS, 4","TORRES DE LA ALAMEDA","MADRID"
"186",1.619,"GALP","CALLE JAIME FERRAN, 31","VILLALBILLA","MADRID"
"187",1.62,"CRISTO DE LA SALUD","PASEO AVILES, 2","ALAMO (EL)","MADRID"
"188",1.624,"SHELL","CARRETERA DE VILLAVERDE A VALLECAS KM. 269","MADRID","MADRID"
"189",1.625,"BALLENOIL","AVENIDA QUITAPESARES, 33","VILLAVICIOSA DE ODON","MADRID"
"190",1.629,"PLENOIL","CAMINO TORREJON, 4","AJALVIR","MADRID"
"191",1.629,"AVIA","CALLE MEJICO, 17","ALCALA DE HENARES","MADRID"
"192",1.629,"BENZOE","CALLE ALPEDRETE, 12","ALCORCON","MADRID"
"193",1.629,"BALLENOIL","CALLE FRANKLIN, 1","DAGANZO DE ARRIBA","MADRID"
"194",1.629,"GASOLEOS DAGANZO","POLIGONO LOS FRAILES, 133","FRAILES (LOS)","MADRID"
"195",1.629,"PLENOIL","PASEO MOLINO DEL REY, 39","GUADARRAMA","MADRID"
"196",1.629,"BDMED","CALLE SEIS MERCAMADRID, 16","MADRID","MADRID"
"197",1.629,"BALLENOIL","CALLE SINFONIA, 9","MADRID","MADRID"
"198",1.629,"PLENOIL","CAMINO DEL OLIVO, 1","MECO","MADRID"
"199",1.633,"LOUCOS  A.S. EL TORO","CARRETERA ANDALUCIA KM. 28,230","VALDEMORO","MADRID"
"200",1.639,"ALCAMPO","AVENIDA OLIMPICA, 9","ALCOBENDAS","MADRID"
"201",1.639,"SHELL","CALLE MAYOR, 63","ALGETE","MADRID"
"202",1.639,"SHELL","C/ ESCOFINA S/N","COLLADO VILLALBA","MADRID"
"203",1.639,"SHELL","CALLE SEVERO OCHOA ESQUINA CALLE JULIO PALACIOS, S/N","LEGANES","MADRID"
"204",1.639,"GALP","CAMINO DEL CUARTEL, 9","MADRID","MADRID"
"205",1.639,"E.LECLERC","CALLE NANTES, 119","PARLA","MADRID"
"206",1.639,"PLENOIL","CARRETERA GUADARRAMA KM. 57","SAN LORENZO DE EL ESCORIAL","MADRID"
"207",1.639,"EMACOIL 24-7","CALLE CEBADAL, 27","PARADILLA (LA)","MADRID"
"208",1.639,"SHELL","AVENIDA DE LA CONSTITUCION, 262","TORREJON DE ARDOZ","MADRID"
"209",1.639,"REPSOL","CL AV DE LA INDUSTRIA, 58","TRES CANTOS","MADRID"
"210",1.639,"CEPSA","CALLE YUNQUE, 6","TRES CANTOS","MADRID"
"211",1.641,"XPO TRANSPORT SOLUTIONS SPAIN SL","CALLE ZAPADORES DE LOS, 1","CAMPITO (EL)","MADRID"
"212",1.644,"SHELL","CARRERA VALENCIA, KM, 14,800","MADRID","MADRID"
"213",1.649,"CHEAPOIL","CALLE REAL DE SAN SEBASTIAN, 68","BRUNETE","MADRID"
"214",1.649,"BALLENOIL","AVENIDA HUMANES, 171","GRIÑON","MADRID"
"215",1.649,"SHELL","AVENIDA ANDALUCIA, 83","MADRID","MADRID"
"216",1.649,"GALP","CALLE E, 7","MOSTOLES","MADRID"
"217",1.649,"E.LECLERC","CALLE PABLO PICASSO, SN","PINTO","MADRID"
"218",1.649,"ALCAMPO","AVENIDA ESPAÑA, 1","VILLANUEVA DE LA CAÑADA","MADRID"
"219",1.659,"GALP","AVENIDA FERNANDO ALONSO, 7","ALCOBENDAS","MADRID"
"220",1.659,"CEPSA","CARRETERA MADRID CADIZ KM. 11","ARANJUEZ","MADRID"
"221",1.659,"CEPSA","AVENIDA ANDALUCIA, 115","ARANJUEZ","MADRID"
"222",1.659,"EMBOCADOR","CALLE REINA (DE LA), 20","ARANJUEZ","MADRID"
"223",1.659,"SHELL ATALAYUELA 365","CALLE GUADALCANAL, 36","MADRID","MADRID"
"224",1.659,"GALP","CALLE BRAVO MURILLO, 229","MADRID","MADRID"
"225",1.659,"DST","CARRETERA CARRETERA VICALVARO-RIVAS KM. 3,600","MADRID","MADRID"
"226",1.659,"DST","CARRETERA VICALVARO KM. 3,6","MADRID","MADRID"
"227",1.659,"BALLENOIL","CALLE CEREZA, 4","MAJADAHONDA","MADRID"
"228",1.659,"SUPER OIL","CALLE ARAGON, 18","MEJORADA DEL CAMPO","MADRID"
"229",1.659,"BALLENOIL","CARRETERA POZUELO MAJADAHONDA KM. 2","POZUELO DE ALARCON","MADRID"
"230",1.659,"BALLENOIL","CALLE CABO RUFINO LAZARO, 7","ROZAS DE MADRID (LAS)","MADRID"
"231",1.659,"CASTROIL","CALLE JUAN MARIA LEONET ZABALA, 19","VILLA DEL PRADO","MADRID"
"232",1.663,"MEROIL","CARRETERA M-623 KM. 1,5","BECERRIL DE LA SIERRA","MADRID"
"233",1.664,"FRII","AVENIDA PETRÓLEO, 46","LEGANES","MADRID"
"234",1.664,"GALP","AVENIDA DE LA CONSTITUCION, 108","TORREJON DE ARDOZ","MADRID"
"235",1.669,"GALP","CARRETERA ANTIGUA NACIONAL I KM. 15,5","ALCOBENDAS","MADRID"
"236",1.669,"ATENOIL","CARRETERA M-103 KM. 6,207","COBEÑA","MADRID"
"237",1.669,"GALP","CALLE MATADERO, CARREFOUR LOS VALLES, S/N","VILLALBA DE GUADARRAMA","MADRID"
"238",1.669,"GALP","PASEO DE LA HERMITA DE STA. ANA, 2","COLMENAR VIEJO","MADRID"
"239",1.669,"SHELL","CARRETERA M-117 KM. 3,100","FUENTE EL SAZ DE JARAMA","MADRID"
"240",1.669,"ZEROGAS","CALLE PEDRO LARA, 8","LEGANES","MADRID"
"241",1.669,"Q8","CALLE BRAVO MURILLO, 358","MADRID","MADRID"
"242",1.669,"Q8","AVENIDA ALBUFERA, 89","MADRID","MADRID"
"243",1.669,"GALP","AVENIDA MAYORAZGO, 20","MADRID","MADRID"
"244",1.669,"BALLENOIL","CALLE ALBASANZ, 69","MADRID","MADRID"
"245",1.669,"GALP","CALLE BUENAVISTA, 2","PARLA","MADRID"
"246",1.669,"SETOR","N-I  (BURGOS-MADRID) km 24,100","SAN SEBASTIAN DE LOS REYES","MADRID"
"247",1.679,"BALLENOIL","AVENIDA TRANVIA, 4","ALCORCON","MADRID"
"248",1.679,"GALP","AVENIDA RIO DUERO, 1","COBEÑA","MADRID"
"249",1.679,"AVIA","CARRETERA N-VI KM. 43,2","COLLADO VILLALBA","MADRID"
"250",1.679,"SHELL","AVENIDA SAN PABLO (DE), 39","COSLADA","MADRID"
"251",1.679,"GALP","AVENIDA SAN PABLO,ESQUINA C/INGENIERO FERNANDEZ, 40","COSLADA","MADRID"
"252",1.679,"GALP","AVENIDA DEL JARAMA, 19","COSLADA","MADRID"
"253",1.679,"BALLENOIL","CALLE SAGITARIO, 2","MADRID","MADRID"
"254",1.679,"MEROIL","CARRETERA COMARCAL 608 KM. 35,2","MORALZARZAL","MADRID"
"255",1.679,"AVIA","CALLE JULIO CERVERA, 21","MOSTOLES","MADRID"
"256",1.679,"GALP","CARRETERA SIMÓN HERNÁNDEZ, 61 KM.","MOSTOLES","MADRID"
"257",1.679,"CEPSA","AVENIDA TENERIFE (DE), 14","SAN SEBASTIAN DE LOS REYES","MADRID"
"258",1.684,"SHELL","CTRA. N-III km 19,5","RIVAS-VACIAMADRID","MADRID"
"259",1.685,"CEPSA","AVENIDA PORTUGAL (DE), 80","MOSTOLES","MADRID"
"260",1.685,"CEPSA","AVENIDA PORTUGAL (IZDO), 80","MOSTOLES","MADRID"
"261",1.686,"ALCAMPO","CALLE JOSE PAULETE,","MADRID","MADRID"
"262",1.689,"CEPSA","AVDA. DE LOGROÑO, 233","MADRID","MADRID"
"263",1.689,"GALP","CAMINO VIEJO DE COBEÑA, 34","AVALON (EL)","MADRID"
"264",1.698,"REPSOL","FRESADORES, 19","ARROYOMOLINOS","MADRID"
"265",1.698,"REPSOL","CALLE ARTURO DUPERIER, S/N","VALDEMORO","MADRID"
"266",1.699,"SHELL","AVENIDA VALDELAPARRA, 3","ALCOBENDAS","MADRID"
"267",1.699,"SHELL","CALLE POLVORANCA, 158","ALCORCON","MADRID"
"268",1.699,"GALP","CARRETERA M-404 KM. 39,8","CIEMPOZUELOS","MADRID"
"269",1.699,"GALP","CARRETERA M-506 KM. 16,300","FUENLABRADA","MADRID"
"270",1.699,"CEPSA CIUDAD DEL AUTOMÓVIL 365","CALLE CARLOS SAINZ, 2","LEGANES","MADRID"
"271",1.699,"SHELL","CALLE FUENTE DE LA TEJA, 2","BUTARQUE","MADRID"
"272",1.699,"CEPSA","M-40, PK 7.4 - ACCESO AL CAMPO DE LAS NACIONES, 2","MADRID","MADRID"
"273",1.699,"GALP","C/Las Pozas, s/n - P.I. Matacuervos","SAN LORENZO DE EL ESCORIAL","MADRID"
"274",1.699,"CEPSA","CALLE JUAN DE TOLEDO, 8","SAN LORENZO DE EL ESCORIAL","MADRID"
"275",1.699,"GALP","AUTOVIA NACIONAL I KM. 26,200","SAN SEBASTIAN DE LOS REYES","MADRID"
"276",1.699,"REPSOL","CL AVDA DE LA INDUSTRIA, 33","TRES CANTOS","MADRID"
"277",1.699,"BP TRES CANTOS","AVENIDA INDUSTRIA (DE LA), S/N","TRES CANTOS","MADRID"
"278",1.704,"SHELL","AVENIDA AVIACIÓN, 26","MADRID","MADRID"
"279",1.705,"REPSOL","CARRETERA M - 106 KM. 3,100","ALGETE","MADRID"
"280",1.705,"REPSOL","CARRETERA M-106 KM. 3,100","ALGETE","MADRID"
"281",1.705,"CEPSA","CARRETERA M-607 KM. 13","MADRID","MADRID"
"282",1.705,"REPSOL","CL AVENIDA ARTESANOS, 40","TRES CANTOS","MADRID"
"283",1.709,"SHELL","CARRETERA M-603 KM. 14,900","ALCOBENDAS","MADRID"
"284",1.709,"GALP","CARRETERA N-401 KM. 17,400","FUENLABRADA","MADRID"
"285",1.709,"GALP","CALLE LUIS SAUQUILLO, 92","FUENLABRADA","MADRID"
"286",1.709,"CEPSA","CARRETERA MADRID-TOLEDO KM. 10","GETAFE","MADRID"
"287",1.709,"CEPSA","CARRETERA MADRID TOLEDO KM. 12","GETAFE","MADRID"
"288",1.709,"SHELL","CALLE FELIPE CALLEJA, S/N","GETAFE","MADRID"
"289",1.709,"REPSOL","CALLE CARLOS SAINZ, SN","LEGANES","MADRID"
"290",1.709,"CEPSA","CARRETERA M601 KM. 10,3","NAVACERRADA","MADRID"
"291",1.709,"CEPSA","CARRETERA M-601 KM. 10,3","NAVACERRADA","MADRID"
"292",1.709,"GALP","CRTA. N-III PK. 41,00","PERALES DE TAJUÑA","MADRID"
"293",1.709,"SUPECO","AVENIDA DE MADRID, 34","SAN MARTIN DE VALDEIGLESIAS","MADRID"
"294",1.714,"SHELL","CTRA. N-V km 12,5","ALCORCON","MADRID"
"295",1.714,"SHELL","CALLE TOMAS REDONDO, 10","MADRID","MADRID"
"296",1.714,"SHELL","CARRETERA ANTIGUA N-I CV CAMINO REDESA KM. S/N","SAN SEBASTIAN DE LOS REYES","MADRID"
"297",1.714,"SHELL","AVENIDA FUENTENUEVA, 1","SAN SEBASTIAN DE LOS REYES","MADRID"
"298",1.715,"CEPSA","CALLE DUBLIN, 4","ALCORCON","MADRID"
"299",1.716,"BP  E.S LA POCILLA   GALAPAGAR","CALLE GUADARRAMA, 70","GALAPAGAR","MADRID"
"300",1.719,"GALP","VÍA VIA COMPLUTENSE ESQ. C/ AVILA, N","ALCALA DE HENARES","MADRID"
"301",1.719,"GALP","CALLE VILLAMALEA, 2","ALCALA DE HENARES","MADRID"
"302",1.719,"SHELL","AVENIDA BUENOS AIRES, SN","COLLADO MEDIANO","MADRID"
"303",1.719,"BLANCA","CARRETERA M222 KM. 19","ESTREMERA","MADRID"
"304",1.719,"GALP","Avda de la Hispanidad 20","FUENLABRADA","MADRID"
"305",1.719,"REPSOL","CALLE MADRID, 143","GETAFE","MADRID"
"306",1.719,"SHELL","CALLE LOS ESCORIALES, 5","GUADARRAMA","MADRID"
"307",1.719,"CEPSA","AVENIDA PIO XII, 6","MADRID","MADRID"
"308",1.719,"CEPSA","CALLE CORAZON DE MARIA, 76","MADRID","MADRID"
"309",1.719,"GALP","CALLE SINESIO DELGADO, 15","MADRID","MADRID"
"310",1.719,"STAR PETROLEUM","CALLE AVENIDA DE LOS POBLADOS, 167","MADRID","MADRID"
"311",1.719,"CEPSA","CALLE E, 12","MOSTOLES","MADRID"
"312",1.719,"CEPSA","CL.AGUILAS (P. IND. PINTO ESTACIÓN)","PINTO","MADRID"
"313",1.719,"AVIA","CALLE SEVERO OCHOA, SN","RIVAS-VACIAMADRID","MADRID"
"314",1.723,"CONFORT AUTO","CALLE DIESEL, 9","ALDEHUELA Y LA TORRECILLA (LA)","MADRID"
"315",1.724,"SHELL","AVENIDA DE LOS CASTILLOS, 9","ALCORCON","MADRID"
"316",1.724,"BAGARCIVA","CALLE CALVARIO, 10","GETAFE","MADRID"
"317",1.724,"SHELL","C/ CAMPEZO, 7 km CENTRO COMERCIAL M","MADRID","MADRID"
"318",1.724,"GALP","CARRETERA M-501 KM. 40,500","NAVAS DEL REY","MADRID"
"319",1.725,"CEPSA","AVENIDA GENERAL FANJUL, 1","MADRID","MADRID"
"320",1.725,"CEPSA","POLIGONO INDUSRIAL PINARES LLANOS, C/CARPINTEROS, S/N","VILLAVICIOSA DE ODON","MADRID"
"321",1.728,"CEPSA","CALLE NARCISO MONTURIOL, 4","VALDEMORO","MADRID"
"322",1.729,"AVIA","CARRETERA M 506 KM. 4,900","ALCORCON","MADRID"
"323",1.729,"AVIA","CARRETERA M-506 KM. 4","ALCORCON","MADRID"
"324",1.729,"REPSOL","CARRETERA CABANILLAS A BUSTARVIEJO KM. 5,320","BUSTARVIEJO","MADRID"
"325",1.729,"REPSOL","CARRETERA M 622 (CARRETERA GUADARRAMA A LA FUENFRIA) KM. 7,200","CERCEDILLA","MADRID"
"326",1.729,"SHELL","AVENIDA LIBERTAD (DE LA), 64","COLMENAR VIEJO","MADRID"
"327",1.729,"REPSOL","AVENIDA FELIPE II, 9","ESCORIAL (EL)","MADRID"
"328",1.729,"REPSOL","CR M-505, 17,4","GALAPAGAR","MADRID"
"329",1.729,"BP","AVENIDA FUENLABRADA, 16","LEGANES","MADRID"
"330",1.729,"BP TARAZA 365","CALLE MARC GENE, 2","LEGANES","MADRID"
"331",1.729,"REPSOL","CALLE ALBERTO AGUILERA, 9","MADRID","MADRID"
"332",1.729,"SHELL","CALLE FRANCISCO UMBRAL, 2","MADRID","MADRID"
"333",1.729,"SHELL","AVENIDA FRANCISCO JAVIER SAENZ DE OIZA, ESQUINA GLORIETA JUAN DE HARO, 5","MADRID","MADRID"
"334",1.729,"REPSOL","CALLE FRANCOS RODRIGUEZ, SN","MADRID","MADRID"
"335",1.729,"REPSOL","CALLE OFELIA NIETO, 64","MADRID","MADRID"
"336",1.729,"BP E.S. NAVALCARRO","CARRETERA M-607 KM. 19","MADRID","MADRID"
"337",1.729,"CEPSA","AVENIDA REAL DE PINTO, 106","MADRID","MADRID"
"338",1.729,"GALP","Niceto Alcalá Zamora 20","MADRID","MADRID"
"339",1.729,"REPSOL","CR M-611, 3,1","MIRAFLORES DE LA SIERRA","MADRID"
"340",1.729,"GALP","POLIGONO ALPARACHE, S/N","NAVALCARNERO","MADRID"
"341",1.729,"REPSOL","CARRETERA M-204 KM. 14,700","ORUSCO","MADRID"
"342",1.729,"REPSOL","CARRETERA COMARCAL M236 KM. 51,600","PEZUELA DE LAS TORRES","MADRID"
"343",1.729,"GALP","CARRETERA M-506 KM. 24","PINTO","MADRID"
"344",1.729,"GALP","CARRETERA M506 PK 26 KM. 26","PINTO","MADRID"
"345",1.729,"GALP","CTRA. N-VI km 21,700","ROZAS DE MADRID (LAS)","MADRID"
"346",1.729,"GALP","AV. CASTILLA, 4","SAN FERNANDO DE HENARES","MADRID"
"347",1.729,"GALP","CARRETERA M-501 KM. 27","VILLANUEVA DE PERALES","MADRID"
"348",1.735,"GASOLEOS SIERRA OESTE,SL","AVENIDA CLAUDIO SANCHEZ ALBORNOZ, 50","CENICIENTOS","MADRID"
"349",1.735,"CEPSA","CALLE RIOJA, 23","COSLADA","MADRID"
"350",1.735,"CEPSA","CALLE RIOJA, 20","COSLADA","MADRID"
"351",1.738,"REPSOL","CALLE COPENHAGUES/N, S/N","ROZAS DE MADRID (LAS)","MADRID"
"352",1.738,"REPSOL","CTRA. M-505 km 5,5","ROZAS DE MADRID (LAS)","MADRID"
"353",1.738,"REPSOL","CARRETERA M-505 km 5.5","ROZAS DE MADRID (LAS)","MADRID"
"354",1.739,"BP ALGETE","CR ALGETE KM  5,80","ALGETE","MADRID"
"355",1.739,"SHELL","CARRETERA M-414 KM. 42,100","CIEMPOZUELOS","MADRID"
"356",1.739,"REPSOL","CALLE REAL, 2","COLLADO VILLALBA","MADRID"
"357",1.739,"REPSOL","AVENIDA JUAN CARLOS I, 46","COLLADO VILLALBA","MADRID"
"358",1.739,"REPSOL","CR M-501, 34,1","COLMENAR DEL ARROYO","MADRID"
"359",1.739,"REPSOL","AUTOVIA M-501 KM. 34,1","COLMENAR DEL ARROYO","MADRID"
"360",1.739,"REPSOL","AVENIDA DE LA LIBERTAD, S/N","COLMENAR VIEJO","MADRID"
"361",1.739,"REPSOL","CR M-510, 1,8","GALAPAGAR","MADRID"
"362",1.739,"REPSOL","M-505 km 15,5","GALAPAGAR","MADRID"
"363",1.739,"REPSOL","CALLE ARROYO DEL SOTO, 2","LEGANES","MADRID"
"364",1.739,"REPSOL","CALLE BRAVO MURILLO, 012","MADRID","MADRID"
"365",1.739,"SHELL","GLORIETA JOSE LUIS FERNANDEZ DEL AMO, SN","MADRID","MADRID"
"366",1.739,"BP MAYORAZGO 365","CALLE SIERRA DE LA DEMANDA, 2","MADRID","MADRID"
"367",1.739,"REPSOL","CALLE CLARA DEL REY, 45","MADRID","MADRID"
"368",1.739,"REPSOL","CL RIOS ROSAS, 1","MADRID","MADRID"
"369",1.739,"REPSOL","PASEO SAN FRANCISCO DE SALES, 44","MADRID","MADRID"
"370",1.739,"REPSOL","CALLE CEA BERMUDEZ, 32","MADRID","MADRID"
"371",1.739,"REPSOL","CALLE ISAAC PERAL, S/N","MADRID","MADRID"
"372",1.739,"REPSOL","CALLE SAN GERMAN, 14","MADRID","MADRID"
"373",1.739,"REPSOL","CALLE ALMAGRO, 9","MADRID","MADRID"
"374",1.739,"REPSOL","CALLE SANTA ENGRACIA, 82","MADRID","MADRID"
"375",1.739,"REPSOL","CALLE HULLA, 22","MADRID","MADRID"
"376",1.739,"SHELL","CL CARRETERA CANILLAS, 150","MADRID","MADRID"
"377",1.739,"REPSOL","ZONA PLATAFORMA AEROPUERTO BARAJAS T123, S/N","MADRID","MADRID"
"378",1.739,"REPSOL","ZONA AEROPUERTO DE BARAJAS, T4, S/N","MADRID","MADRID"
"379",1.739,"REPSOL","CL ANTONIO LOPEZ, 244","MADRID","MADRID"
"380",1.739,"STAR PETROLEUM","CALLE SESEÑA, 40","MADRID","MADRID"
"381",1.739,"REPSOL","AVENIDA CARABANCHEL ALTO, 180","MADRID","MADRID"
"382",1.739,"REPSOL","CR M-501, 48,2 (M-501 km 48,25)","PELAYOS DE LA PRESA","MADRID"
"383",1.739,"REPSOL","CALLE BARLOVENTO, 30","POZUELO DE ALARCON","MADRID"
"384",1.739,"CARREFOUR","CARRETERA MADRID-LA CORUÑA KM. 22","ROZAS DE MADRID (LAS)","MADRID"
"385",1.739,"REPSOL","CR M-600, 3","SAN LORENZO DE EL ESCORIAL","MADRID"
"386",1.739,"REPSOL","CR M-600, 3","SAN LORENZO DE EL ESCORIAL","MADRID"
"387",1.739,"TIELMES S.L.","AVENIDA FERROCARRIL (DEL), 1","TIELMES","MADRID"
"388",1.739,"GALP","CARRETERA C-404 KM. 28","TORREJON DE VELASCO","MADRID"
"389",1.739,"SHELL","MADRID Nº 3, POL.IND.","TORRES DE LA ALAMEDA","MADRID"
"390",1.739,"GALP","CALLE AGUADO, 11","VALDEMORO","MADRID"
"391",1.744,"GALP","CALLE CALLE DEL TRUENO, S/N","BUTARQUE","MADRID"
"392",1.745,"REPSOL","CL AVDA TENERIFE, 18","SAN SEBASTIAN DE LOS REYES","MADRID"
"393",1.748,"GASOLEOS GETAFE, S.L.","CALLE PITAGORAS, 1","GETAFE","MADRID"
"394",1.748,"PADRE-BLANCA","AVENIDA PADRE PIQUER, S/N","MADRID","MADRID"
"395",1.748,"REPSOL","A-6 km 25,5","ROZAS DE MADRID (LAS)","MADRID"
"396",1.749,"GALP","CALLE AVENIDA MADRID ESQUINA CARLOS III, SN","ALCALA DE HENARES","MADRID"
"397",1.749,"GALP","AVENIDA VALDELAPARRA (DE), 5","ALCOBENDAS","MADRID"
"398",1.749,"REPSOL","CL BOULEVARD SALVADOR ALLENDE, 12-1","ALCOBENDAS","MADRID"
"399",1.749,"REPSOL","BULEVAR SALVADOR ALLENDE (DE), 13","ALCOBENDAS","MADRID"
"400",1.749,"REPSOL","CALLE FRANCISCO GERVAS, 13","ALCOBENDAS","MADRID"
"401",1.749,"REPSOL","CALLE LAGUNA, 36","ALCORCON","MADRID"
"402",1.749,"CEPSA","PLAZA HUERTA DE LAS FLORES, 2","BUITRAGO DEL LOZOYA","MADRID"
"403",1.749,"SHELL","AVENIDA AVDA. DE LA CABRERA S/N JUNTO AL HOSTAL EL CANCHO DEL AGUILA (A-1 KM 60), S/N","CABRERA (LA)","MADRID"
"404",1.749,"CEPSA","CARRETERA M-103 KM. 6,210","COBEÑA","MADRID"
"405",1.749,"REPSOL","CARRETERA NAVACERRADA KM. 1,33","COLLADO VILLALBA","MADRID"
"406",1.749,"REPSOL","CR M-601 1,0 (M-601 km 1,00)","COLLADO VILLALBA","MADRID"
"407",1.749,"REPSOL","AVDA. JOSE GARATE, 2","COSLADA","MADRID"
"408",1.749,"CEPSA","CAMINO VALDETORRES (DE), 1","FUENTE EL SAZ DE JARAMA","MADRID"
"409",1.749,"REPSOL","CALLE TORRELAGUNA, 78","FUENTE EL SAZ DE JARAMA","MADRID"
"410",1.749,"REPSOL NASSICA 365","AVENIDA RIO GUADALQUIVIR, 11","GETAFE","MADRID"
"411",1.749,"CARREFOUR","AVENIDA RÍO GUADALQUIVIR, 13","GETAFE","MADRID"
"412",1.749,"CEPSA","AVENIDA LENGUA ESPAÑOLA, S/N","LEGANES","MADRID"
"413",1.749,"REPSOL","AVENIDA DR. MENDIGUCHIA GARRICHE, 40","LEGANES","MADRID"
"414",1.749,"CARREFOUR","AVENIDA PUERTA DEL SOL, 2","LEGANES","MADRID"
"415",1.749,"REPSOL","CL PASEO ACACIAS, 8","MADRID","MADRID"
"416",1.749,"SHELL","CALLE ALBERTO AGUILERA, 18","MADRID","MADRID"
"417",1.749,"REPSOL","PASEO SANTA MARIA DE LA CABEZA, 18","MADRID","MADRID"
"418",1.749,"REPSOL","CL ANCORA 39","MADRID","MADRID"
"419",1.749,"CEPSA","AVENIDA CIUDAD DE BARCELONA, 61","MADRID","MADRID"
"420",1.749,"REPSOL","CALLE RAMON Y CAJAL, 2","MADRID","MADRID"
"421",1.749,"REPSOL","CL MARIA DE MOLINA, 21","MADRID","MADRID"
"422",1.749,"REPSOL","PASEO MARQUES DE ZAFRA, 31","MADRID","MADRID"
"423",1.749,"REPSOL","CALLE DOCTOR GOMEZ ULLA, S/N","MADRID","MADRID"
"424",1.749,"REPSOL","CL PASEO DE LA HABANA, 168","MADRID","MADRID"
"425",1.749,"REPSOL","CL MATEO INURRIA, 4","MADRID","MADRID"
"426",1.749,"REPSOL","AVENIDA PÍO XII, 98","MADRID","MADRID"
"427",1.749,"REPSOL","CALLE SERRANO, 197","MADRID","MADRID"
"428",1.749,"REPSOL","CALLE PRINCIPE DE VERGARA, 134","MADRID","MADRID"
"429",1.749,"REPSOL","PLAZA REPUBLICA ARGENTINA, 8","MADRID","MADRID"
"430",1.749,"REPSOL","AVENIDA MONFORTE DE LEMOS, 10","MADRID","MADRID"
"431",1.749,"REPSOL","AVENIDA CARDENAL HERRERA ORIA, 290","MADRID","MADRID"
"432",1.749,"HUSCO S.L.","CALLE MARTINEZ DE LA RIVA, 119","MADRID","MADRID"
"433",1.749,"CEPSA","AVENIDA DE LOS POBLADOS, 18","MADRID","MADRID"
"434",1.749,"REPSOL","AVENIDA OPORTO, SN","MADRID","MADRID"
"435",1.749,"REPSOL","GLORIETA VALLE DEL ORO, 10","MADRID","MADRID"
"436",1.749,"CEPSA","MONTE IGUELDO, 108","MADRID","MADRID"
"437",1.749,"REPSOL","CALLE LOPEZ DE HOYOS, 327","MADRID","MADRID"
"438",1.749,"GALP","CTRA: M-218 ESQ. C/ DUERO - POLÍGONO INDUSTRIAL","MEJORADA DEL CAMPO","MADRID"
"439",1.749,"LOS ROSALES","GLORIETA LOS JAZMINES, S/N","MOSTOLES","MADRID"
"440",1.749,"REPSOL","CARRETERA M-111 KM. 8,200","PARACUELLOS DE JARAMA","MADRID"
"441",1.749,"CEPSA","CALLE MIGUEL DE CERVANTES, 2","PARACUELLOS DE JARAMA","MADRID"
"442",1.749,"REPSOL","CARRETERA M-501 KM. 54,1","SAN RAMON","MADRID"
"443",1.749,"BP APADIS","GLORIETA ANTONIO GAUDI,","SAN SEBASTIAN DE LOS REYES","MADRID"
"444",1.749,"CEPSA","AUTOVIA A-1 KM. 92,5","SOMOSIERRA","MADRID"
"445",1.749,"CEPSA","CARRETERA M-404 KM. 31","TORREJON DE VELASCO","MADRID"
"446",1.749,"SHELL","CARRETERA M-600 KM. 14","VALDEMORILLO","MADRID"
"447",1.749,"BASIC","CALLE ARROYO DE LA HIRUELA, 2","VALDETORRES DE JARAMA","MADRID"
"448",1.749,"SHELL","CARRETERA M-600 KM. 28","VILLANUEVA DE LA CAÑADA","MADRID"
"449",1.749,"SHELL","CARRETERA M-600 KM. 28","VILLANUEVA DE LA CAÑADA","MADRID"
"450",1.749,"GALP","CARRETERA M-501 KM. 26,800","VILLANUEVA DE PERALES","MADRID"
"451",1.754,"ESTACIÓN SUR DE AUTOBUSES DE MADRID","CALLE MÉNDEZ ÁLVARO, 83","MADRID","MADRID"
"452",1.754,"SHELL","CARRETERA 403 KM. 2","MADRID","MADRID"
"453",1.754,"SHELL","CTRA.M-403 (GETAFE-VILLAVERDE) (MARGEN IZQUIERDO) km 2","MADRID","MADRID"
"454",1.755,"CEPSA","CARRETERA M-300 (MARGEN IZQUIERDO) KM. 26,9","ALCALA DE HENARES","MADRID"
"455",1.755,"CEPSA","PASEO ALCOBENDAS (DE), 10","ALCOBENDAS","MADRID"
"456",1.755,"CEPSA LISBOA","AV  DE MOSTOLES, Nº 6","ALCORCON","MADRID"
"457",1.755,"CEPSA","CALLE LAGUNA, 2","ALCORCON","MADRID"
"458",1.755,"CEPSA","CARRETERA M-507 KM. 16,8","ALDEA DEL FRESNO","MADRID"
"459",1.755,"CEPSA","CALLE PRIMAVERA, 94","ALPEDRETE","MADRID"
"460",1.755,"CEPSA","AVENIDA VALDEARGANDA, 8","ARGANDA","MADRID"
"461",1.755,"CEPSA","AUTOPISTA AP-6 (MRG.IZDO.) KM. 42,3","COLLADO VILLALBA","MADRID"
"462",1.755,"CEPSA","AUTOVIA A-1 KM. 29,1","COLMENAR VIEJO","MADRID"
"463",1.755,"CEPSA","AVENIDA DE LAS TRECE ROSAS, 6","GETAFE","MADRID"
"464",1.755,"CEPSA","PASEO MOLINO DEL REY, 4","GUADARRAMA","MADRID"
"465",1.755,"CEPSA","CARRETERA M-405 KM. 5,6","HUMANES DE MADRID","MADRID"
"466",1.755,"CEPSA","CARRETERA M-405 KM. 6","HUMANES DE MADRID","MADRID"
"467",1.755,"CEPSA","RONDA SEGOVIA, 37","MADRID","MADRID"
"468",1.755,"CEPSA","AUTOVIA A-3 KM. 7,1","MADRID","MADRID"
"469",1.755,"CEPSA","AUTOVIA A-3 KM. 7,1","MADRID","MADRID"
"470",1.755,"CEPSA","CALLE BERLIN, S/N, S/N","MADRID","MADRID"
"471",1.755,"CEPSA","CL MONFORTE DE LEMOS, 7","MADRID","MADRID"
"472",1.755,"CEPSA","CARRETERA M-605 KM. 5","MADRID","MADRID"
"473",1.755,"CEPSA","CARRETERA M-605 KM. 5","MADRID","MADRID"
"474",1.755,"CEPSA","AVDA. DEMOCRACIA, 41","MADRID","MADRID"
"475",1.755,"CEPSA","AVDA. DE LA DEMOCRACIA 62","MADRID","MADRID"
"476",1.755,"ALHAMBRA-BLANCA","CALLE ALHAMBRA, 70","MADRID","MADRID"
"477",1.755,"CEPSA","ALCALA, 284-286","MADRID","MADRID"
"478",1.755,"VIRGEN-BLANCA","CALLE VIRGEN DE LLUC ,14, 14","MADRID","MADRID"
"479",1.755,"CEPSA","POBLADURA DEL VALLE, 31","MADRID","MADRID"
"480",1.755,"CEPSA","HNOS. GARCIA NOBLEJAS, 35","MADRID","MADRID"
"481",1.755,"CEPSA RELAMPAGO","CALLE SARASATE, 1","MAJADAHONDA","MADRID"
"482",1.755,"CEPSA","CARRETERA M-610 KM. 19,8","MIRAFLORES DE LA SIERRA","MADRID"
"483",1.755,"CEPSA","AUTOVIA A-3 KM. 43,3","PERALES DE TAJUÑA","MADRID"
"484",1.755,"CEPSA","CARRETERA VALDEMAQUEDA KM. 0","ROBLEDO DE CHAVELA","MADRID"
"485",1.755,"CEPSA","AUTOPISTA AP-6 KM. 42,3","SAN LORENZO DE EL ESCORIAL","MADRID"
"486",1.755,"CEPSA","AVENIDA ANDALUCIA, 7","VALDEMORO","MADRID"
"487",1.755,"CEPSA","CARRETERA M-208 KM. 3,800","VELILLA DE SAN ANTONIO","MADRID"
"488",1.755,"CEPSA","CARRETERA M-507 KM. 27,5","VILLA DEL PRADO","MADRID"
"489",1.755,"CEPSA","AUTOVIA A-3 KM. 49,4","VILLAREJO DE SALVANES","MADRID"
"490",1.755,"CEPSA","AUTOVIA A-3 KM. 49,3","VILLAREJO DE SALVANES","MADRID"
"491",1.759,"REPSOL","CL AVENIDA DE ESPAÑA, S.N.","ALCOBENDAS","MADRID"
"492",1.759,"BP EL SAPO-ALCOBENDAS","AVENIDA MONTE DE VALDELATAS, 5","ALCOBENDAS","MADRID"
"493",1.759,"BP VALDAVIA","CALLE MARQUES DE LA VALDAVIA (DEL), 138","ALCOBENDAS","MADRID"
"494",1.759,"BP JUNCAL","CARRETERA BARAJAS KM. S/N","ALCOBENDAS","MADRID"
"495",1.759,"REPSOL URTINSA 365","CALLE EBANISTAS,, 2","ALCORCON","MADRID"
"496",1.759,"REPSOL","PLAZA FUENTE DE LOS ALAMOS, 12","CADALSO DE LOS VIDRIOS","MADRID"
"497",1.759,"BP EII","AUTOPISTA VIA DE SERVICIO M.D. KM. 38,300","COLLADO VILLALBA","MADRID"
"498",1.759,"BP EI","AVENIDA JUAN CARLOS I, 3","COLLADO VILLALBA","MADRID"
"499",1.759,"BP CARVISA","CALLE ESCOFINA, 17","COLLADO VILLALBA","MADRID"
"500",1.759,"REPSOL","CARRETERA M-607 KM. 29,8","COLMENAR VIEJO","MADRID"
"501",1.759,"REPSOL","CR M-607, 28,2","COLMENAR VIEJO","MADRID"
"502",1.759,"REPSOL","CR M-607, 28","COLMENAR VIEJO","MADRID"
"503",1.759,"BP GUADARRAMA","CARRETERA N-VI KM. 48","GUADARRAMA","MADRID"
"504",1.759,"CEPSA","CALLE PUERTO NAVACERRADA, 1 - POLIGONO INDUSTRIAL PRADOVERA, 1","LEGANES","MADRID"
"505",1.759,"CEPSA","AVENIDA LENGUA ESPAÑOLA, 24","LEGANES","MADRID"
"506",1.759,"CEPSA VALLECAS-LA ATALAYUELA 365","CARRETERA VILLAVERDE A VALLECAS KM. 248","MADRID","MADRID"
"507",1.759,"CEPSA","CALLE CAVANILLES, 58","MADRID","MADRID"
"508",1.759,"REPSOL","AV DOCTOR ESQUERDO, 153","MADRID","MADRID"
"509",1.759,"REPSOL","CL AVDA .ALFONSO XIII  ESQ.C/ COSTA","MADRID","MADRID"
"510",1.759,"BP","CL PRINCIPE DE VERGARA  106","MADRID","MADRID"
"511",1.759,"CEPSA","AVENIDA DE LOS TOREROS, S/N","MADRID","MADRID"
"512",1.759,"BP","AV DOCTOR ARCE  30","MADRID","MADRID"
"513",1.759,"REPSOL","CL NUESTRA SEÑORA DE VALVERDE, 175","MADRID","MADRID"
"514",1.759,"REPSOL","CR M-607, 11,7","MADRID","MADRID"
"515",1.759,"REPSOL","AVENIDA VICTORIA, 34","MADRID","MADRID"
"516",1.759,"CEPSA","CARRETERA A6 KM. 11,6","MADRID","MADRID"
"517",1.759,"CEPSA","GLORIETA MARIANO SALVADOR MAELLA, S/N","MADRID","MADRID"
"518",1.759,"REPSOL","AVENIDA ENTREVIAS, S/N","MADRID","MADRID"
"519",1.759,"CEPSA","PASEO DEL MAR CASPIO, S,N","MADRID","MADRID"
"520",1.759,"CEPSA","AVENIDA SAN LUIS, 75","MADRID","MADRID"
"521",1.759,"CEPSA","GLORIETA YUCATAN, S/N","MADRID","MADRID"
"522",1.759,"REPSOL","CR N-2, 12,6","MADRID","MADRID"
"523",1.759,"REPSOL","AV HISPANIDAD, S.N.","MADRID","MADRID"
"524",1.759,"REPSOL","ZONA AEROPUERTO DE BARAJAS, TERMINAL 2, S/N","MADRID","MADRID"
"525",1.759,"REPSOL","AVENIDA HISPANIDAD, 44","MADRID","MADRID"
"526",1.759,"CEPSA","AVDA. PORTUGAL, 16","MADRID","MADRID"
"527",1.759,"REPSOL","PASEO EXTREMADURA, 300","MADRID","MADRID"
"528",1.759,"REPSOL","PLAZA SETUBAL, 4","MADRID","MADRID"
"529",1.759,"REPSOL","AVENIDA AVIACION, 32","MADRID","MADRID"
"530",1.759,"CEPSA","AVENIDA CANILLEJAS A VICALVARO, 147","MADRID","MADRID"
"531",1.759,"REPSOL","CL GL.CORREGIDOR SANCHO DE CORD, S.","MADRID","MADRID"
"532",1.759,"REPSOL","CALLE FUENTE CARRANTONA S/N, 6","MADRID","MADRID"
"533",1.759,"REPSOL","AVENIDA AVENIDA DE MORATALAZ, 21","MADRID","MADRID"
"534",1.759,"CEPSA","CALLE SANTA GENOVEVA, 26","MADRID","MADRID"
"535",1.759,"CEPSA","CALLE HERNANDEZ TEJADA, S/N ESQ. AGASTIA, S/N (A-2 KM 5,1), S,N","MADRID","MADRID"
"536",1.759,"GALP","Avda. Vicálvaro esq. Pobladura del Valle","MADRID","MADRID"
"537",1.759,"GALP","Avda. Arcentales, 7","MADRID","MADRID"
"538",1.759,"REPSOL","CL ARTURO SORIA, 175","MADRID","MADRID"
"539",1.759,"REPSOL","CL DR.MARAÑON C/V PL ESCORIAL, S.N.","MAJADAHONDA","MADRID"
"540",1.759,"CEPSA","CARRETERA M-607 KM. 46","MANZANARES EL REAL","MADRID"
"541",1.759,"SHELL","CL AVENIDA MADRID, 24","MANZANARES EL REAL","MADRID"
"542",1.759,"REPSOL","CARRETERA M208 KM. 9,600","MEJORADA DEL CAMPO","MADRID"
"543",1.759,"SHELL","AVENIDA DE LAS LAGUNAS, 1","PARLA","MADRID"
"544",1.759,"REPSOL","CALLE COTO DE DOÑANA, 1","PINTO","MADRID"
"545",1.759,"BP LAS ROZAS","CL LAS CRUCES  S/N","ROZAS DE MADRID (LAS)","MADRID"
"546",1.759,"OLIVAR ALTO 24H","CARRETERA M-506 KM. 36,330","SAN MARTIN DE LA VEGA","MADRID"
"547",1.759,"CEPSA","N-I (MADRID-BURGOS) km 24,100","SAN SEBASTIAN DE LOS REYES","MADRID"
"548",1.759,"REPSOL","CL REAL  (ANTIGUA N-1), 120","SAN SEBASTIAN DE LOS REYES","MADRID"
"549",1.759,"CEPSA","CTRA. BURGOS","SAN SEBASTIAN DE LOS REYES","MADRID"
"550",1.759,"BP SOTO I","CARRETERA M-609 KM. 3","SOTO DEL REAL","MADRID"
"551",1.759,"BP SOTO II","CARRETERA M-609 KM. 3","SOTO DEL REAL","MADRID"
"552",1.759,"BP GASOLEOS TORREJÓN","CALLE LONDRES, 30","TORREJON DE ARDOZ","MADRID"
"553",1.759,"REPSOL","CALLE MALACUERA, 63","TORRELAGUNA","MADRID"
"554",1.759,"BP POLIGONO ROMPECUBAS","CALLE NARCISO MONTURIOL, 32","VALDEMORO","MADRID"
"555",1.759,"CEPSA","CALLE ROSALIA DE CASTRO, 14","VALDEMORO","MADRID"
"556",1.759,"BP VALDEMORO","PASEO JUNCAREJO/CL DE AGORA, 0","VALDEMORO","MADRID"
"557",1.762,"INDUSTRIAL LOS ANGELES","CARRETERA M-506 KM. 46,500","SAN MARTIN DE LA VEGA","MADRID"
"558",1.764,"SHELL","PASEO SANTA MARIA DE LA CABEZA, 90","MADRID","MADRID"
"559",1.764,"SHELL","CALLE CARDENAL HERRERA ORIA, 81","MADRID","MADRID"
"560",1.765,"CEPSA","CALLE MARIA DE PORTUGAL, 15","MADRID","MADRID"
"561",1.765,"CEPSA","AVENIDA DEL SOL, S,N","TORREJON DE ARDOZ","MADRID"
"562",1.765,"CEPSA","CALLE GENERALISIMO, 1","TORREJON DE LA CALZADA","MADRID"
"563",1.765,"CEPSA","CALLE GENERALISIMO, 1","TORREJON DE LA CALZADA","MADRID"
"564",1.767,"REPSOL","CR M-509, 7,300","VILLANUEVA DEL PARDILLO","MADRID"
"565",1.768,"BP","CALLE RICARDO ORTIZ, 44","MADRID","MADRID"
"566",1.768,"REPSOL","CALLE BARBERO DE SEVILLA, 2","MAJADAHONDA","MADRID"
"567",1.768,"REPSOL","CALLE ENRIQUE GRANADOS, 1","POZUELO DE ALARCON","MADRID"
"568",1.768,"REPSOL","CL MANUEL DE FALLA, 2","POZUELO DE ALARCON","MADRID"
"569",1.768,"BP","AVENIDA LEOPOLDO CALVO SOTELO-BUSTELO, 17","POZUELO DE ALARCON","MADRID"
"570",1.769,"SHELL","AVDA. PUERTA DE MADRID, 20","ALCALA DE HENARES","MADRID"
"571",1.769,"REPSOL","CR M-603, 14,1","ALCOBENDAS","MADRID"
"572",1.769,"CARREFOUR","CARRETERA A-1 KM. 14,500","ALCOBENDAS","MADRID"
"573",1.769,"REPSOL","PLAZA MORALEJA S/N, S/N","ALCOBENDAS","MADRID"
"574",1.769,"GALP","CALLE CONDESA DE CHINCHÓN, 37","BOADILLA DEL MONTE","MADRID"
"575",1.769,"GALP","CTRA. MV-5113; P.K. 1,800","BOADILLA DEL MONTE","MADRID"
"576",1.769,"GALP","CTRA. MV-5113; P.K. 1,800","BOADILLA DEL MONTE","MADRID"
"577",1.769,"CEPSA","CTRA. 607 (DE COLMENAR A NAVACERRADA) km 48,2","CERCEDA","MADRID"
"578",1.769,"REPSOL","CL AVENIDA MADRID, S.N. (N-1 km 74,7)","BUITRAGO DEL LOZOYA","MADRID"
"579",1.769,"REPSOL","CALZADA M 209, 4","CAMPO REAL","MADRID"
"580",1.769,"REPSOL","CALLE INMACULADA, 43","CASARRUBUELOS","MADRID"
"581",1.769,"BP CIEMPOZUELOS","CALLE ALAMO, 49","CIEMPOZUELOS","MADRID"
"582",1.769,"REPSOL ÁREA EUROPA 365","CARRETERA N-IV KM33 KM. 33","CIEMPOZUELOS","MADRID"
"583",1.769,"Q8","AVENIDA CONSTITUCION (DE LA), 28","COSLADA","MADRID"
"584",1.769,"REPSOL","CR M-100, 10,1","DAGANZO DE ARRIBA","MADRID"
"585",1.769,"REPSOL","AUTOVIA A-3 KM. 62,5","FUENTIDUEÑA DE TAJO","MADRID"
"586",1.769,"REPSOL","POLIGONO CENTRO LOGISTICO DE ABASTECIMIENTO-PARCELA, 13","GETAFE","MADRID"
"587",1.769,"REPSOL","CL MADRID, 52","HUMANES DE MADRID","MADRID"
"588",1.769,"REPSOL","CARRETERA M-604 KM. 14,100","LOZOYA","MADRID"
"589",1.769,"REPSOL","CARRETERA M-604,KM.14.100 KM. 14,100","LOZOYA","MADRID"
"590",1.769,"CEPSA","CALLE SEGOVIA C/V A PASEO VIRGEN DEL PUERTO, S/N","MADRID","MADRID"
"591",1.769,"REPSOL","CL PLAZA LEGAZPI, 9","MADRID","MADRID"
"592",1.769,"REPSOL","CARRETERA M-203 KM. 0,28","MADRID","MADRID"
"593",1.769,"REPSOL","CARRETERA M-203 KM. 0,28","MADRID","MADRID"
"594",1.769,"REPSOL","CL AVENIDA ALBUFERA, 319","MADRID","MADRID"
"595",1.769,"SHELL","CALLE GOYA, 24","MADRID","MADRID"
"596",1.769,"BP GUADALCANAL 365","CALLE GUADALCANAL, 39","MADRID","MADRID"
"597",1.769,"SHELL","CALLE SANTO DOMINGO, 10","MADRID","MADRID"
"598",1.769,"CEPSA","CALLE ANTONIO MACHADO, S/N","MADRID","MADRID"
"599",1.769,"CARREFOUR","CALLE VERSALLES, 23","MADRID","MADRID"
"600",1.769,"REPSOL","AVENIDA DAROCA,336","MADRID","MADRID"
"601",1.769,"REPSOL","CR N-2, 12,6","MADRID","MADRID"
"602",1.769,"REPSOL","AVDA. PRINCESA JUANA DE AUSTRIA KM 4,700 km 4.700","MADRID","MADRID"
"603",1.769,"REPSOL","CR A-5, 9","MADRID","MADRID"
"604",1.769,"REPSOL","AVENIDA PESETA, 6","MADRID","MADRID"
"605",1.769,"CEPSA","CALLE ALCALA, 415","MADRID","MADRID"
"606",1.769,"REPSOL","CL ALCALA, 510","MADRID","MADRID"
"607",1.769,"REPSOL","ARTURO SORIA, 29","MADRID","MADRID"
"608",1.769,"REPSOL","SILVANO, 88-90","MADRID","MADRID"
"609",1.769,"REPSOL","CARRETERA DEL PLANTIO Nº66 KM. 1,2","MAJADAHONDA","MADRID"
"610",1.769,"GALP","CALLE MARIANO ALCARAZ, POL IND EL CARRALERO, SN","MAJADAHONDA","MADRID"
"611",1.769,"CEPSA","CARRETERA M-516 KM. 0,1","MAJADAHONDA","MADRID"
"612",1.769,"IDS","CARRETERA N-II KM. 38","MECO","MADRID"
"613",1.769,"REPSOL","CALLE DURATON, 1","MEJORADA DEL CAMPO","MADRID"
"614",1.769,"CEPSA","AVENIDA FUENLABRADA, 30","MORALEJA DE ENMEDIO","MADRID"
"615",1.769,"BP","CALLE MORALEJA DE ENMEDIO, 6","MOSTOLES","MADRID"
"616",1.769,"BP","CALLE PASEO DE LAS CAMELIAS, 2","PARACUELLOS DE JARAMA","MADRID"
"617",1.769,"REPSOL","CR PARLA-PINTO, KM.  0.15","PARLA","MADRID"
"618",1.769,"BP A3 PERALES DE TAJUNA","AUTOVIA A-3 (MADRID-LEVANTE) KM. 37,870","PERALES DE TAJUÑA","MADRID"
"619",1.769,"CEPSA LAS ARENAS 365","CALLE ARENAS (DE LAS), 2","PINTO","MADRID"
"620",1.769,"CARREFOUR","CALLE LUIS BUÑUEL, 3","POZUELO DE ALARCON","MADRID"
"621",1.769,"REPSOL","CARRETERA CARABANCHEL M-502 KM. 3600","POZUELO DE ALARCON","MADRID"
"622",1.769,"BP POZUELO","CARRETERA M-503 VÍA DE LAS DOS CASTILLAS KM. 6,3","POZUELO DE ALARCON","MADRID"
"623",1.769,"BP SOMOSAGUAS","AVENIDA RADIO TELEVISION ESPAÑOLA, 1","POZUELO DE ALARCON","MADRID"
"624",1.769,"GALP","TRAVESÍA PEÑALARA, 1","POZUELO DE ALARCON","MADRID"
"625",1.769,"REPSOL","CR A-6, 20,3","ROZAS DE MADRID (LAS)","MADRID"
"626",1.769,"REPSOL","AUTOVIA A 1 KM. 34","SAN AGUSTIN DEL GUADALIX","MADRID"
"627",1.769,"REPSOL","AVENIDA EINSTEIN, 5","SAN SEBASTIAN DE LOS REYES","MADRID"
"628",1.769,"REPSOL","CR N-1, 18,6","SAN SEBASTIAN DE LOS REYES","MADRID"
"629",1.769,"GALP","CARRETERA M-600 KM. 44","SEVILLA LA NUEVA","MADRID"
"630",1.769,"GALP","CARRETERA M-600 KM. 44","SEVILLA LA NUEVA","MADRID"
"631",1.769,"REPSOL","CALLE CAMINO DE VALLADOLID, 1","TORRELODONES","MADRID"
"632",1.769,"REPSOL","CR A-6, 28,2","TORRELODONES","MADRID"
"633",1.769,"REPSOL","CALLE SAN JUAN, 38","VALDEMORILLO","MADRID"
"634",1.769,"REPSOL","CL CARRETERA ARANJUEZ ,56 (CR M-305 (M-305 km 19,8)","VILLACONEJOS","MADRID"
"635",1.769,"CEPSA","CARRETERA M-509 KM. 4,4","VILLANUEVA DEL PARDILLO","MADRID"
"636",1.775,"CEPSA","CARRETERA M-501 KM. 17,2","BRUNETE","MADRID"
"637",1.775,"CEPSA","CARRETERA MADRID - CADIZ KM. 12,5","GETAFE","MADRID"
"638",1.775,"CEPSA","CARRETERA MADRID - CADIZ KM. 12,5","GETAFE","MADRID"
"639",1.775,"CEPSA","AUTOVIA A-4 KM. 14,3","GETAFE","MADRID"
"640",1.775,"CEPSA","AUTOVIA A-4 KM. 14,3","GETAFE","MADRID"
"641",1.775,"CEPSA","AVENIDA ENSANCHE DE VALLECAS, 2","MADRID","MADRID"
"642",1.775,"CEPSA","CALLE OFELIA NIETO, 65","MADRID","MADRID"
"643",1.775,"CEPSA","CALLE LAGO ONTARIO, 24","MORALZARZAL","MADRID"
"644",1.775,"CEPSA","AVENIDA CONSTITUCION, 170","NAVALCARNERO","MADRID"
"645",1.775,"CEPSA","AUTOVIA A-5 KM. 28,6","NAVALCARNERO","MADRID"
"646",1.775,"CEPSA","AUTOVIA A-5 KM. 28,6","NAVALCARNERO","MADRID"
"647",1.775,"CEPSA","AVENIDA CONSTITUCION, 167","TORREJON DE ARDOZ","MADRID"
"648",1.775,"CEPSA","AVENIDA CONSTITUCION, 225","TORREJON DE ARDOZ","MADRID"
"649",1.775,"CEPSA","POZO DE LAS NIEVES, S.N.","TORREJON DE ARDOZ","MADRID"
"650",1.778,"CEPSA","CALLE MÓSTOLES, 1","FUENLABRADA","MADRID"
"651",1.779,"REPSOL","CARRETERA M-114 KM. 1","AJALVIR","MADRID"
"652",1.779,"REPSOL","CARRETERA M-114 KM. 0,7","AJALVIR","MADRID"
"653",1.779,"GALP","N-II km 29,000","ALCALA DE HENARES","MADRID"
"654",1.779,"GALP","N-II km 29,000","ALCALA DE HENARES","MADRID"
"655",1.779,"REPSOL","AVENIDA GUADALAJARA, 29","ALCALA DE HENARES","MADRID"
"656",1.779,"REPSOL","CR M-300, 30.3","ALCALA DE HENARES","MADRID"
"657",1.779,"REPSOL","VÍA COMPLUTENSE, 41","ALCALA DE HENARES","MADRID"
"658",1.779,"CARREFOUR","POLIGONO ESPARTALES SUR, C/ FEDERICO GARCIA LORCA,, S/N","ALCALA DE HENARES","MADRID"
"659",1.779,"CEPSA","AVENIDA DAGANZO, 12","ALCALA DE HENARES","MADRID"
"660",1.779,"REPSOL","CARRETERA SAN MARTIN DE VALDEIGLESIAS KM. 0,300","ALCORCON","MADRID"
"661",1.779,"REPSOL","CALLE CAMINO LEGANES, 55","ALCORCON","MADRID"
"662",1.779,"BP SAN MARTIN II","CARRETERA ALCORCON-S.M.VALDEIGLESIAS KM. 1,5","ALCORCON","MADRID"
"663",1.779,"BP SAN MARTIN I","CARRETERA ALCORCON-S.M.VALDEIGL. KM. 1,5","ALCORCON","MADRID"
"664",1.779,"BP VALDERAS","CL MAZO,  S/N","ALCORCON","MADRID"
"665",1.779,"REPSOL","CL AVDA DEL PINAR, S.N.","ALCORCON","MADRID"
"666",1.779,"BP OLIMPICA","CALLE FRAGUAS, 1","ALCORCON","MADRID"
"667",1.779,"CEPSA","AUTOVIA N-IV KM. 48,700","ARANJUEZ","MADRID"
"668",1.779,"BP LA FALUA","CARRETERA M-305 KM. 5","ARANJUEZ","MADRID"
"669",1.779,"CEPSA","CARRETERA M-311 KM. 19,4","CHINCHON","MADRID"
"670",1.779,"REPSOL","CL MADRID, 1","COLMENAR DE OREJA","MADRID"
"671",1.779,"BP COSLADA - AV SAN PABLO","AVENIDA SAN PABLO, 26","COSLADA","MADRID"
"672",1.779,"BP COSLADA - AV CONSTITUCION","AVENIDA CONSTITUCION, 30","COSLADA","MADRID"
"673",1.779,"REPSOL","AVENIDA SAN PABLO, 32","COSLADA","MADRID"
"674",1.779,"REPSOL","CL AVENIDA DE LA CONSTITUCION, 3","COSLADA","MADRID"
"675",1.779,"CEPSA","AVENIDA ESPAÑA, 118","COSLADA","MADRID"
"676",1.779,"BP AVANZADA FUENLABRADA","C/ LEGANES Nº 62","FUENLABRADA","MADRID"
"677",1.779,"BP EL NARANJO","CALLE CL MOSTOLES 61, 61","FUENLABRADA","MADRID"
"678",1.779,"SHELL","CARRETERA N III KM. 68,500","FUENTIDUEÑA DE TAJO","MADRID"
"679",1.779,"BP GETAFE - M406","CR  M-406 KM 10","GETAFE","MADRID"
"680",1.779,"BP A42 CABANAS MI","CARRERA A-42, 13","GETAFE","MADRID"
"681",1.779,"BP A42 CABANAS MD","CARRETERA A-42 KM. 13","GETAFE","MADRID"
"682",1.779,"BP GETAFE - PG SAN MARCOS","CL DIESEL C/V Pº JOHN LENNON, S.N.","GETAFE","MADRID"
"683",1.779,"CEPSA","M-404 km 17,8","GRIÑON","MADRID"
"684",1.779,"REPSOL HUMANES","AVENIDA LA INDUSTRIA, S/N","HUMANES DE MADRID","MADRID"
"685",1.779,"BP VALDONAIRE","CARRETERA AVD.DE LA INDUSTRIA KM. 15","HUMANES DE MADRID","MADRID"
"686",1.779,"BP HUMANES - EL MOLINO","AVENIDA DE LAS FLORES, 2","HUMANES DE MADRID","MADRID"
"687",1.779,"REPSOL","CARRETERA AVENIDA  DE LA INDUSTRIA , 46 KM. 1,1","HUMANES DE MADRID","MADRID"
"688",1.779,"BP POLVORANCA","CARRETERA M-407 KM. 1800","LEGANES","MADRID"
"689",1.779,"CAMPSA","CALLE SAN BERNARDO, S/N","FORTUNA","MADRID"
"690",1.779,"REPSOL","CL ALAVA , S.N.","FORTUNA","MADRID"
"691",1.779,"REPSOL","CARRETERA M-300 KM. 13","LOECHES","MADRID"
"692",1.779,"REPSOL","AUTOVIA N-1 KM. 65","LOZOYUELA","MADRID"
"693",1.779,"CEPSA","BARRIO CENTRO-EMBAJADORES, 83","MADRID","MADRID"
"694",1.779,"REPSOL","CALLE REAL DE ARGANDA, 74","MADRID","MADRID"
"695",1.779,"CEPSA","CALLE COLOMBIA C/V BOLIVIA, 1","MADRID","MADRID"
"696",1.779,"REPSOL","CALLE ABETAL, 8","MADRID","MADRID"
"697",1.779,"CEPSA","AVENIDA MANOTERAS, 34","MADRID","MADRID"
"698",1.779,"REPSOL","SAN GENJO, 2","MADRID","MADRID"
"699",1.779,"REPSOL","CR N-4     P.K. 6,70 D","MADRID","MADRID"
"700",1.779,"REPSOL","CR N-4     P.K. 6,70 I","MADRID","MADRID"
"701",1.779,"BP","BARRIO AVENIDA VERBENA D ELA PALOMA, S/N","MADRID","MADRID"
"702",1.779,"CARREFOUR","AVENIDA AVDA DE ANDALUCIA KM 7,1, S/N","MADRID","MADRID"
"703",1.779,"REPSOL","CARRETERA M-602 KM. 1,3","MADRID","MADRID"
"704",1.779,"REPSOL","AVENIDA LOS ROSALES, 147","MADRID","MADRID"
"705",1.779,"REPSOL","CL AVENIDA GENERAL, 22","MADRID","MADRID"
"706",1.779,"BP A42 CHEYPER","CARRETERA A 42 KM. 5,9","MADRID","MADRID"
"707",1.779,"BP CARABANCHEL","CALLE REAL, 2","MADRID","MADRID"
"708",1.779,"BP ISLA AZUL","CALLE AGUACATE, 45","MADRID","MADRID"
"709",1.779,"BP FERMIN FERNANDEZ","PS DE LA ERMITA DEL SANTO  S/N","MADRID","MADRID"
"710",1.779,"SHELL","CALLE ANTONIO DE LEYVA, 87","MADRID","MADRID"
"711",1.779,"REPSOL","AUTOVIA A-3 KM. 14,3","MADRID","MADRID"
"712",1.779,"BP MADRID - AV DAROCA","AVENIDA DE DAROCA, 4","MADRID","MADRID"
"713",1.779,"REPSOL","EMILIO FERRARI, 68","MADRID","MADRID"
"714",1.779,"BP MECO","AV. DE MADRID 51","MECO","MADRID"
"715",1.779,"REPSOL","CL TORRES QUEVEDO, 2","MOSTOLES","MADRID"
"716",1.779,"REPSOL","CARRETERA M600 KM. 45,800","NAVALCARNERO","MADRID"
"717",1.779,"REPSOL","CALLE REAL, S/N","PARLA","MADRID"
"718",1.779,"REPSOL","CALLE LONDRES, 43","PARLA","MADRID"
"719",1.779,"REPSOL","AUTOVIA A - 4 KM. 23,300","PINTO","MADRID"
"720",1.779,"REPSOL","AUTOPISTA A - 4 KM. 23,300","PINTO","MADRID"
"721",1.779,"CEPSA A4 PINTO 365","CALLE COTO DE DOÑANA, 1","PINTO","MADRID"
"722",1.779,"BP NASSICA 365","CALLE COTO DE DOÑANA (DEL), 6","PINTO","MADRID"
"723",1.779,"CEPSA","AVENIDA DEL VALLE, 39","RASCAFRIA","MADRID"
"724",1.779,"BP SAN FERNANDO - LA PRESA","CALLE LA PRESA, S/N","SAN FERNANDO DE HENARES","MADRID"
"725",1.779,"BP SAN FERNANDO PUERTA DE MADRID 365 II","CALLE CERRAJEROS (DE LOS), 10","SAN FERNANDO DE HENARES","MADRID"
"726",1.779,"BP SAN FERNANDO PUERTA DE MADRID 365 I","CALLE CERRAJEROS, 10","SAN FERNANDO DE HENARES","MADRID"
"727",1.779,"BP SAN FERNANDO - M LUTHER KING","AV MARTIN LUTHER KING, S/N ESQUINA M-216","SAN FERNANDO DE HENARES","MADRID"
"728",1.779,"REPSOL","AVENIDA CASTILLA (DE), 43","SAN FERNANDO DE HENARES","MADRID"
"729",1.779,"BP LAS NAVAS","AUTOVIA N-1 KM. 80,200","SERNA DEL MONTE (LA)","MADRID"
"730",1.779,"BP TORREJON - AV FRONTERAS","AVENIDA DE LAS FRONTERAS, S/N","TORREJON DE ARDOZ","MADRID"
"731",1.779,"BP TORREJON - CTRA LOECHES","CARRETERA DE TORREJON A LOECHES KM. 1,100","TORREJON DE ARDOZ","MADRID"
"732",1.779,"CARREFOUR","CALLE LOECHES, S/N","TORREJON DE ARDOZ","MADRID"
"733",1.779,"GALP","CARRETERA M-300 KM. 8,1","VILLALBILLA","MADRID"
"734",1.779,"BP VILLALBILLA","CARRETERA ALCALA VILLAR DEL OLMO (DE) M-204 KM. 39","VILLALBILLA","MADRID"
"735",1.779,"BP MARIA","AVENIDA QUITAPESARES, 1","VILLAVICIOSA DE ODON","MADRID"
"736",1.785,"CEPSA","CARRETERA M-511 KM. 6,5","BOADILLA DEL MONTE","MADRID"
"737",1.785,"CEPSA","PASEO MORET, 7","MADRID","MADRID"
"738",1.785,"SHELL","AVENIDA DE LAS ESTACIONES, 2","TORREJON DE ARDOZ","MADRID"
"739",1.789,"BP DUALEZ","CARRETERA M-404 KM. 4,950","ALAMO (EL)","MADRID"
"740",1.789,"BP","AVENIDA VIA COMPLUTENSE, 165","ALCALA DE HENARES","MADRID"
"741",1.789,"REPSOL","CR M-300 (PG.MATILLAS-PARC.A1), P.K","ALCALA DE HENARES","MADRID"
"742",1.789,"BP RIO CORVO","CARRETERA ANTIGUA N-II KM. 26,00","ALCALA DE HENARES","MADRID"
"743",1.789,"BP PUENTE ARCE","CARRETERA M-300 KM. 26,4","ALCALA DE HENARES","MADRID"
"744",1.789,"SHELL","CARRETERA AJARVIL-ALCALA (PG 32C PARCELA26A) KM. S/N","ALCALA DE HENARES","MADRID"
"745",1.789,"BP MOSTOLES II","AVENIDA MOSTOLES, 16","ALCORCON","MADRID"
"746",1.789,"BP LA PRINCESA 2","CR MOSTOLES-FUENLABRADA,  KM.4","ALCORCON","MADRID"
"747",1.789,"BP LA PRINCESA 1","CR M-506 MOSTOLES-FUENLABRADA KM. 4","ALCORCON","MADRID"
"748",1.789,"REPSOL","AVDA DE MADRID, 103","ARGANDA","MADRID"
"749",1.789,"BP ARGANDA","AVENIDA EJERCITO (DEL), 44","ARGANDA","MADRID"
"750",1.789,"BP LA ARGANDEÑA","AVENIDA DE MADRID, 37","ARGANDA","MADRID"
"751",1.789,"SHELL","AVDA. GENERALISIMO,12","CABRERA (LA)","MADRID"
"752",1.789,"REPSOL","CARRETERA A-42 KM. 18,7","FUENLABRADA","MADRID"
"753",1.789,"REPSOL","CARRETERA A-42 KM. 18,7","FUENLABRADA","MADRID"
"754",1.789,"REPSOL","CR M-506, 15,6","FUENLABRADA","MADRID"
"755",1.789,"REPSOL","CARRETERA TORRELAGUNA ? EL ESCORIAL KM. 3","GUADALIX DE LA SIERRA","MADRID"
"756",1.789,"CEPSA","CALLE AMADEO VIVES, 2","HOYO DE MANZANARES","MADRID"
"757",1.789,"SHELL","CTRA. N-I km 64,650","LOZOYUELA","MADRID"
"758",1.789,"BP SAN PEDRO MI","CR A-3   MG DCHO, KM 11,2 km 11,200","MADRID","MADRID"
"759",1.789,"BP SAN PEDRO MD","CR A-3  MG IZDO, KM 11,2 km 11,200","MADRID","MADRID"
"760",1.789,"REPSOL","CARRETERA M-301 KM. 3,5","MADRID","MADRID"
"761",1.789,"CARREFOUR","CALLE ADOLFO BIOY CASARES 2, 2","MADRID","MADRID"
"762",1.789,"REPSOL","AUTOPISTA M-50 KM. 34","MADRID","MADRID"
"763",1.789,"REPSOL","AUTOVIA M-50 KM. 34","MADRID","MADRID"
"764",1.789,"REPSOL","CR M-214, 4,6","MADRID","MADRID"
"765",1.789,"REPSOL","CALLE MANUEL DE FALLA, 2","MAJADAHONDA","MADRID"
"766",1.789,"CARREFOUR","POLIGONO EL CARRALERO II, C/ DE LAS MORERAS, , PARCELA 37, 2","MAJADAHONDA","MADRID"
"767",1.789,"REPSOL","AUTOVIA A-1 KM. 41","MOLAR (EL)","MADRID"
"768",1.789,"REPSOL","CARRETERA M-506 KM. 24,500","PINTO","MADRID"
"769",1.789,"REPSOL","CR A-4  P.K. 20,20 D","PINTO","MADRID"
"770",1.789,"REPSOL","CR A-4  P.K. 20,20 I","PINTO","MADRID"
"771",1.789,"BP PARQUE ÓPTIMA","CARRETERA M-841 KM. 1","PINTO","MADRID"
"772",1.789,"REPSOL","AVENIDA DE LA TECNICA, S/N","RIVAS-VACIAMADRID","MADRID"
"773",1.789,"CEPSA","AVENIDA AURELIO ALVAREZ, S/N","RIVAS-VACIAMADRID","MADRID"
"774",1.789,"CARREFOUR","POLIGONO SANTA ANA, AVDA DE LA TECNICA, S/N","RIVAS-VACIAMADRID","MADRID"
"775",1.789,"CEPSA","CALLE DE LA FUNDICION, 53","RIVAS-VACIAMADRID","MADRID"
"776",1.789,"CARREFOUR","CARRETERA NACIONAL II KM. 16","SAN FERNANDO DE HENARES","MADRID"
"777",1.789,"REPSOL","CR N-2, 16,3","SAN FERNANDO DE HENARES","MADRID"
"778",1.789,"REPSOL","CR N-2, 16,3","SAN FERNANDO DE HENARES","MADRID"
"779",1.789,"CEPSA SAN FERNANDO 365","CALLE CERRAJEROS DE LOS, 2","SAN FERNANDO DE HENARES","MADRID"
"780",1.789,"CEPSA","AVENIDA DOCTOR MANUEL JARABO (DEL), 74","SAN MARTIN DE LA VEGA","MADRID"
"781",1.789,"SHELL","AUTOVIA A-I KM. 81","SERNA DEL MONTE (LA)","MADRID"
"782",1.789,"REPSOL","AUTOVIA E-5/A-1 KM. 49","VENTURADA","MADRID"
"783",1.789,"BP VILLAMANTA","CARRETERA M-507 KM. 6,700","VILLAMANTA","MADRID"
"784",1.789,"REPSOL","CARRETERA M-50 KM. 66,5","VILLAVICIOSA DE ODON","MADRID"
"785",1.789,"REPSOL","CARRETERA M-50 KM. 66,5","VILLAVICIOSA DE ODON","MADRID"
"786",1.79,"REPSOL","CARRETERA COLMENAR VIEJO KM. 10,5","MADRID","MADRID"
"787",1.79,"REPSOL","CARRETERA COLMENAR VIEJO KM. 10,5","MADRID","MADRID"
"788",1.799,"BP ISIDORO","AVENIDA JUAN CARLOS I, 44","ALCALA DE HENARES","MADRID"
"789",1.799,"REPSOL","AVENIDA JUAN CARLOS I, S/N","ALCALA DE HENARES","MADRID"
"790",1.799,"REPSOL","CR A-5, 23.5","ARROYOMOLINOS","MADRID"
"791",1.799,"REPSOL","CR M-506, 18","FUENLABRADA","MADRID"
"792",1.799,"CEPSA","GLORIETA EMBAJADORES, 0","MADRID","MADRID"
"793",1.799,"REPSOL","AVENIDA VENTISQUERO DE LA CONDESA,","MADRID","MADRID"
"794",1.799,"REPSOL","CALLE ALTO DEL RETIRO, 2","MADRID","MADRID"
"795",1.799,"REPSOL","AUTOVIA A-1 KM. 40,2","MOLAR (EL)","MADRID"
"796",1.799,"REPSOL","CARRETERA M-856 (ENLACE N-V Y N-501) KM. 1","MOSTOLES","MADRID"
"797",1.799,"REPSOL","CR A-5, 21","MOSTOLES","MADRID"
"798",1.799,"REPSOL","CR A-5, 21","MOSTOLES","MADRID"
"799",1.799,"CARREFOUR","CARRETERA NACIONAL VKM 19 KM.","MOSTOLES","MADRID"
"800",1.799,"CEPSA","CARRETERA M-841 KM. 3,5","PINTO","MADRID"
"801",1.799,"ES BP GURUGU","CARRETERA ALCALA-PASTRANA KM. 4,400","VILLALBILLA","MADRID"
"802",1.802,"REPSOL","CARRETERA M-832 KM. 3","ARGANDA","MADRID"
"803",1.802,"REPSOL","CARRETERA M-832 KM. 3","ARGANDA","MADRID"
"804",1.802,"REPSOL","CARRETERA N-3 KM. 39,2","PERALES DE TAJUÑA","MADRID"
"805",1.805,"CEPSA","CALLE CORAZON DE MARIA, 18","MADRID","MADRID"
"806",1.808,"REPSOL","CARRETERA DE LA CORUÑA KM 12 KM.","MADRID","MADRID"
"807",1.809,"REPSOL","CALLE MERCADRID PARCELA D-3, S/N","MADRID","MADRID"
"808",1.809,"REPSOL","AUTOVIA E-901/A-3 KM. 35,2","PERALES DE TAJUÑA","MADRID"
"809",1.812,"PETRONOR","CR M-311, 4,9","MORATA DE TAJUÑA","MADRID"
"810",1.812,"REPSOL","CR M-204, 27","NUEVO BAZTAN","MADRID"
"811",1.815,"CEPSA","AVENIDA EUROPA (C.C. LA MORALEJA), 13/15","ALCOBENDAS","MADRID"
"812",1.815,"REPSOL","CR A-6, 8","MADRID","MADRID"
"813",1.849,"REPSOL SAN FERNANDO 365","CALLE DE LOS HERRADORES, 1","SAN FERNANDO DE HENARES","MADRID"
"814",1.869,"REPSOL","CARRETERA R-5 KM. 5,5","LEGANES","MADRID"
"815",1.869,"REPSOL","CARRETERA R-5 KM. 5,5","LEGANES","MADRID"
"816",1.909,"REPSOL","AUTOPISTA AUTOPISTA R-3 LOECHES KM. 19,5","LOECHES","MADRID"
"817",1.909,"REPSOL","AUTOPISTA AUTOPISTA R-3 LOECHES KM. 19,5","LOECHES","MADRID"
"818",1.919,"REPSOL","AU R-2 ,P.K. 35,5 M.D.","MECO","MADRID"
"819",1.919,"REPSOL","AU R-2 ,P.K. 35,5 M.I.","MECO","MADRID"
"820",1.961,"COSTCO","CALLE AGUSTIN DE BETANCOURT, 17","GETAFE","MADRID"
"821",1.999,"COSTCO","CALLE INNOVACIÓN, 19","ROZAS DE MADRID (LAS)","MADRID"
"822",NA,"SCAT","CALLE VALPORTILLO II, 5","ALCOBENDAS","MADRID"
"823",NA,"REDEXIS","CARRETERA ALCORCON A SAN MARTIN DE VALDEIGLESIAS KM. 1,5","ALCORCON","MADRID"
"824",NA,"ALIARA ENERGÍA","PASEO PASEO DE EXTREMADURA, KM 12.200, 28925 ALCORCÓN, MADRID, 11","ALCORCON","MADRID"
"825",NA,"NATURGY","CALLE EBANISTAS, 2","ALCORCON","MADRID"
"826",NA,"ALIARA ENERGÍA","AVENIDA DE MADRID, 103","ARGANDA","MADRID"
"827",NA,"NATURGY ES FUENLABRADA","AVENIDA LA CANTUEÑA, 8","FUENLABRADA","MADRID"
"828",NA,"LUACENTER","CALLE TENERIFE (DE), 2","HUMANES DE MADRID","MADRID"
"829",NA,"NATURGY","AVENIDA FRANCISCO PI Y MARGALL, 5","MADRID","MADRID"
"830",NA,"ALIARA ENERGIA","CALLE PORTOMARIN, 25","MADRID","MADRID"
"831",NA,"HAM TRES CANTOS","CARRETERA M-607 KM. 17,7","MADRID","MADRID"
"832",NA,"NATURGY","CALLE PIÑUECAR, 53","MADRID","MADRID"
"833",NA,"SCAT","CALLE SAN MARIO, 14","MADRID","MADRID"
"834",NA,"ALIARA ENERGIA","AVENIDA CORDOBA, 49","MADRID","MADRID"
"835",NA,"NATURGY","CALLE RAFAEL BOTI, 5","MADRID","MADRID"
"836",NA,"ALIARA ENERGIA","CALLE FUENTE DE LIMA, 22","MADRID","MADRID"
"837",NA,"SCAT","CALLE SECOYA, 28","MADRID","MADRID"
"838",NA,"ALIARA ENERGIA","CALLE VIA DE LOS POBLADOS, 128","MADRID","MADRID"
"839",NA,"REPSOL BUTANO","PASEO ERMITA DEL SANTO, 80","MADRID","MADRID"
"840",NA,"NATURGY","CALLE FUEMBELLIDA, 3","MADRID","MADRID"
"841",NA,"NATURGY","AVENIDA EJE CENTRAL, 7","MADRID","MADRID"
"842",NA,"REPSOL","CALLE MENDEZ ALVARO, S/N","MADRID","MADRID"
"843",NA,"MADRID WETAXI GLP","CALLE ISAAC JIMENEZ, 3","MADRID","MADRID"
"844",NA,"NATURGY","CALLE RIVAS, 14","MADRID","MADRID"
"845",NA,"ALIARA ENERGÍA","CALLE TORRES QUEVEDO, 6","MOSTOLES","MADRID"
"846",NA,"NATURGY","CARRETERA DE PARLA A PINTO M-408 KM. S/N","PARLA","MADRID"
"847",NA,"BP PINTO","CARRETERA M-408 PINTO A PARLA KM. 5","PINTO","MADRID"
"848",NA,"CAB","CALLE TURBINA (DE LA), 2","RIVAS-VACIAMADRID","MADRID"
"849",NA,"ALIARA ENERGÍA","AVENIDA DE LA TÉCNICA, 2","RIVAS-VACIAMADRID","MADRID"
"850",NA,"MOLGAS","CALLE CERRAJEROS DE LOS, 10","SAN FERNANDO DE HENARES","MADRID"
"851",NA,"HAM","AUTOVIA NACIONAL I KM. 26,200","SAN SEBASTIAN DE LOS REYES","MADRID"
"852",NA,"HAM","CALLE NARCISO MONTURIOL, 28","VALDEMORO","MADRID"
"853",NA,"HAM","CALLE TAMBORA, 4","VELILLA DE SAN ANTONIO","MADRID"
